//Rank,User,Team,Points,Played,Combined,Best
1,brando99,Lyman Legends,618,211,6103,1
2,weirsy99,BAGgin' Dingers TTC,612,194,6556,1
3,hppppy,Lindy Hops,597,188,5302,1
4,nmize0,Kansas City Sloppers,563,246,7993,1
5,bphilb,Sanford Riverwalks - GH,512,192,6050,1
6,chha1998,Tokyo Trail Blazers,506,226,6828,1
7,thirdteam,Winnipeg Blue Bombers,503,209,6826,1
8,jbiggs78,Charlotte Hellcats GH,450,162,5192,1
9,JoshJackson42,New England Bees,450,202,6810,1
10,bearpete,Philadelphia Oil Barons,443,209,6590,1
11,chefkd3,O'block Scoundrels,440,230,7884,1
12,Spongee66,Winnipeg GoJetsGo,432,215,7285,1
13,Fheee,Huntsville Sweet Biscuits,428,202,5992,1
14,zpronouncedzed,Hardware City Rock Cats,412,158,4757,1
15,DarylUCLA,UCLA Bruins - BFF,409,173,6336,1
16,campbell1112,New Platson Grand Petites,407,197,6339,1
17,giants507,Vancouver Jays,399,178,5625,1
18,Infractor,Halifax Citadels,397,147,4420,1
19,pjcjc1995,Seoul Hannams,393,154,5842,1
20,jadrien1,jadrien1 no problem,392,258,9439,1
21,Coreydelder,Columbus Arches,386,164,5668,1
22,mofk,Kim Hyeseong Abs,377,141,4971,1
23,redalligator,Late Capitalism Hellscape,374,177,6118,1
24,WARBot,. -,373,158,5195,1
25,AW13,AW Bees - GH,367,138,5400,1
26,bierhoff00,Texas Briskets,362,181,7019,1
27,LeoRemus,Ottawa Lynx - HotL,360,175,6799,1
28,RTR1776,Kansas City Torrent,356,127,4110,1
29,KINGLORDBOT,California Ragebaiters,346,237,8371,1
30,seraphucked,Summerglen Seraphs TBD,335,200,7342,1
31,jpalm,Globo Gym Purple Cobras,332,142,4064,1
32,Calis,New York Brownies,324,162,5387,1
33,shift3d,Winnipeg Brew Jays - HotL,320,135,4863,1
34,willhog,Englewood Pirates,319,141,4949,1
35,cmalosh,Milwaukee Braves,315,124,3776,1
36,VinSki,Huntington Bullsharks,315,132,3924,1
37,BillPitt37,Bethlehem BP-37 Bombers,315,169,6095,1
38,Stoudt525,Pennsylvania Fireflies,313,109,2991,1
39,Nex2,Viking Quest,309,114,3343,1
40,bdcable1,Cibolo Anklebiters,306,133,4069,1
41,Lowlyworm,Lowlyworm's Apple Car,302,138,5152,1
42,drshuey,Zanesville Greys,300,179,6348,1
43,waittilnextyear,La Crosse Fighting Frogs,297,90,2019,1
44,mlgilgen,Springfield Isotopes,296,140,4241,1
45,theroc44,New York Titans,296,144,5196,1
46,proteins22,New Old Yankees TTC,293,108,3128,1
47,Brinski2,Ballclub Brinski,293,109,3406,1
48,FranchiseTimeMachine,Franchise Time Machine,293,112,3660,1
49,nex3,Nexville Canadiens,292,93,2885,1
50,aramis9182,Concord Transcendentalists,290,69,1838,1
51,bdcable2,Cibolo Packsters PCK,289,134,5149,1
52,cubbyfanboy,Sydney Whalers,288,109,4095,1
53,Carini_Harpua,Gamehendge Lizards - HotL,281,130,5164,1
54,chartle85,Clear Spring Blazers,281,133,4251,1
55,hotroute07,Telluride Giants - CG,281,134,4275,1
56,SirFozzie,Boston Wombats,281,186,6221,2
57,smsetnor,Atlanna Ground Bones,280,101,4241,1
58,sprdelfin,Colorado Avalanche,280,103,3259,1
59,gocanes1962t4,Little Creek Hurricanes PCK,276,119,3335,1
60,Bjriand,Chihuahua Crickets,276,137,4399,1
61,MikeBatesTWIBH,Iowa City Prairie Rats,276,151,5453,2
62,gocanes1962t2,Savannah Hurricanes,273,102,2926,1
63,hedders8,Manchester Atoms,273,164,5733,1
64,roushac,North American 20 and 30 Somethings,271,90,2386,1
65,Fourscore4,Smyrna Stooges,269,87,2480,1
66,trojanman,Everett Aquasox,269,151,4882,1
67,AlbertPujols,Rosarito Ranas,268,99,3207,1
68,tcw1988,Atlanta Mariners,268,137,4756,1
69,mikezone13,Eastwood Woodies,267,126,4951,1
70,streamteam,Charlotte Dachshunds - GH,266,93,3802,1
71,lava,Bloody Nines - CG,265,57,1867,1
72,RQIII,Buffalo Braves,265,76,2506,1
73,dougdascenzo,Fletcher Froggers,265,128,4322,1
74,Attica,AOL AtticaOnline,264,112,3379,1
75,aal333,Chicago Beans - CG,263,100,3405,1
76,OtmarCervenka,St. Louis Battlehawks,262,133,4561,1
77,Francheesay,Apollo Justice Ace Sportsballers,262,140,5897,2
78,jocan44,Pensacola Swampangels,261,123,4413,1
79,fussmucker,PA Freedom,257,145,4453,1
80,mawiffen,Tavistock Baseballersons,256,95,2608,1
81,hui,Taiwan Taipei,256,117,3699,1
82,Simmy99,Toronto Blue Jays,255,142,4499,1
83,Jacket1515,Sixes Tornadoes,253,91,3974,1
84,emeraldblade81,Bowling Green Falcons,250,73,1710,1
85,shives,Orange Jackrabbits,250,97,2680,1
86,Jerthebear,Milwaukee Milkmen,248,105,3302,1
87,da_commish,Eden Prairie Landsharks,246,138,4465,1
88,FoolsErrand,Dock Ellis Day-Trippers,244,98,3003,1
89,rfgh2020,Daegu Pilots,243,109,3699,1
90,atomzero,Normal Night Owls,243,122,5331,1
91,reevesa01,Lynnwood Pogos,242,88,2779,1
92,imwarden,Red Dirt Cowboys,242,150,5038,1
93,alesimeon,Perugia Warriors,238,151,4660,1
94,Talonx,Mount Juliet Golden Retrievers,235,89,2858,1
95,laptophound,Rocky Mountain Gladiators DBL,232,105,4645,1
96,WolfMan56,Michigan Black Bears,232,116,4811,2
97,gfunky24,Tippecanoe Terrors,232,118,3911,1
98,cfilipsen,Kansas City Royals,231,88,2562,1
99,hansenm1978,Svendborg Sailors,231,158,5507,1
100,Rob_Deer_in_the_Headlights,El Paso Preguntas,229,90,2810,1
101,tommyhoogy,Puget Sound Giant Pacific Octopi,229,94,3509,1
102,jaw1727b,Fayetteville Woodpeckers,228,82,2263,1
103,mannyt,Roaming Rascals CG BFF,228,91,3232,1
104,IceRayn5,Camjaveratyn O-Forge,227,77,2301,1
105,gustoes,Looking Glass Loopers TBD,227,142,6502,1
106,muSICKLessons,Ujdur Illusion 1  2 Joe Gunson Roses,225,116,3890,1
107,balfazzar,Legends of the Devil Rays TTC,223,128,5302,1
108,EVCinNYCmgr,EVC's Quinipacks Only Rippers PCK,222,84,2459,1
109,dgray4l,Homestead Grays - HotL,219,81,3021,1
110,sm6986,Rajasthan Rifles Rifles,217,102,3289,1
111,jbeighley78,Charlotte Hellcats Too GH TTC,214,80,2299,1
112,jaw1727,Sugar Land Space Cowboys,214,117,3367,1
113,murray88,Moosejaw Moosejaws,212,79,2537,1
114,rmh,CT Ospreys,211,79,2399,1
115,dodgers7777,San Jose Cat Army,210,139,5403,2
116,alsocoleman,Big Yahoo Ball Club,209,91,3020,1
117,MonsterMasher5,Guelph Gryphons,209,126,4289,2
118,Cosmey5,Beaver Dam Beavers,208,127,4242,1
119,ZaphenathPaneah717,Kentucky Thunder,206,106,4162,1
120,rpatti47,Jersey Devils,206,112,3735,2
121,owenthejammy1,Moonsault Collective MCs,204,105,3377,3
122,Sipimi,Kamouraska Sportagie,203,61,1831,1
123,Badfish249,Winneconne Wolves,203,117,4044,2
124,noragar,Alexandria SafeZone,202,64,2712,1
125,boomer70,Winnipeg Golden Knights,202,88,2662,1
126,Peakashoo,Seoul Dragons,202,105,3603,1
127,Jayke14,Mary Washington Eagles,201,111,3989,1
128,bearon1009,East Cleveland Buckeyes,200,65,1765,1
129,AlanW,West Kildonan Whips,200,121,4138,1
130,yuzuru4,SSG Landers,199,91,3102,1
131,qm3125,Dungeon Meshi Marcille,199,93,3457,1
132,Duncaroo,West Hartford Max Oysters - CG,199,95,3404,1
133,zachbl757,San Diego Hilario's,198,73,2789,1
134,josh31ut,Shartlesville ShihTzus - HotL,198,90,2752,1
135,NateLovesGallo,Gotham City Batmen,197,81,2437,1
136,jaw1727a,Corpus Christi Hooks,197,86,2392,1
137,Suds008,Kemptville Chickens,196,107,4076,1
138,mcnick12,San Diego 5050 Raffle Sellers,194,85,2855,1
139,Nex,Panglao Tarsiers,194,91,3591,1
140,corbino77,Moncton Mosquitos,193,97,3481,1
141,RANGERS1030,Absolute Units,193,123,4539,1
142,naede,Imatra Pallo-Veikot,193,164,6633,2
143,tuffywilliams,Gainesville Aggies,192,84,3094,1
144,TeddyO3,Energy Efficiency,191,115,3746,1
145,cjens,SLC Punks,190,78,2147,1
146,littleMAC77,Liberty Express,189,151,5905,1
147,willsmithrakes,San Leandro Barbosas,187,50,1568,1
148,smbriggs,Ann Arbor Arcanines,187,68,1974,1
149,Millertime059,Beaverton Brew Dogs,187,91,4291,1
150,drudonohue,Carlos Chaos Cats,186,87,2761,2
151,O_Welles,Three Mile Island Atomic Isotopes,186,97,3646,2
152,TangledinJoy,Psychic 9-5 Club,185,65,1903,1
153,Acuna_Matata13,Totally TOS Compliant,184,49,1230,1
154,louisqzer,New York Blind Squirrels,183,102,4017,1
155,The_DrG,Fire Sale Extraordinaire,183,103,3862,1
156,GrinerMB282,Billy's Beane Counters,182,95,3812,1
157,jawa42,New Haven Corsairs,182,129,5075,2
158,JoeQuills,Philadelphia Unathletics,181,81,3468,1
159,MURedhawks,Wilmington(NC) Beaches,180,105,3560,1
160,b30b30,Santiago Caballeros PCK,179,104,4715,1
161,AGordon1109,Grace Os,178,55,1997,1
162,Atomic_Gnat,Los Alamos Atomic Gnats,178,105,3316,1
163,MortaleMago,Flagship City Kitties,178,106,4328,1
164,thebestteam,Bakersfield Blazers,178,113,4769,1
165,Tirin,Kitchener Flying Pigs,176,49,1596,1
166,vivmeep,Tuskvale Mammoths,173,59,1660,1
167,WizardOfMaahs,Nickel Slots And Crock-Pots,173,151,6356,1
168,JohnnyKing,Houston Lake Monsters,172,54,1556,1
169,Swift92,Calgary Hitmen,172,82,3042,1
170,guiletrud190,Longueuil Privateers,172,118,4499,1
171,c6dandi,King Street Clubbers,170,71,2203,1
172,dewylee,Studio Dewy dewy,169,64,2181,1
173,pwney,Big Memers,169,74,2313,1
174,Baba_Ganoosh,Las Vegas Silver Knights,168,63,2978,1
175,ItsHellboy,Sacramento Tuxedos - CG,168,81,2692,2
176,sourd99,New Planet Gophers TBD,166,78,2136,1
177,DiamondGrey,Pittsburgh Pixelators,166,107,3465,1
178,galiotta,Ludvika Jammers,164,77,2552,1
179,BobLawBlaw,Goshdarn Sons a Pitches,163,128,4534,1
180,laptophound27,Dave's Not Here Man TTC,162,70,2073,1
181,JamoreLoL,Compton Corgis - HotL,162,93,3833,2
182,BeantownBro,Beantown Bros,161,62,1978,1
183,jayz,Hyannis Harbor Hawks,161,68,1795,1
184,ColonelJW,Gainesville Colonels,161,85,2752,1
185,Nighthawks68,Neptune Nighthawks,161,94,3104,1
186,Kerim,NoseKerim Astea Kerim,160,41,1122,1
187,Harumf,Borders Scots,160,67,2064,1
188,ZachNurn32,Seattle Worm Burners,160,86,2779,2
189,JediRoninX,Jacksonville Rainstorm,160,103,3765,1
190,gocanes1962t3,Mayport Hurricanes,160,104,3378,1
191,kelly59,In The Middle Of... Nowhere,160,119,4813,2
192,Nsigg15,Madison Mallards,159,58,1874,1
193,GypsySon,West Valley Wazzirds,159,82,3428,1
194,spinball,Toledo Walles,157,78,2443,1
195,BaseballBoi,Cuyahoga Falls Capitals,157,82,2978,2
196,Readyone,Maui Stingrays,157,83,3445,1
197,Michigator,Pawtuckett Poets,156,54,2013,1
198,mbrew99,Cap City Beavers,156,64,1877,2
199,davidlopezh,Houston Flying Chanclas,156,82,2608,1
200,Leif2022,Minneapolis Millers,156,82,2680,2
201,giest,Southern Dawgs,155,53,1758,1
202,spatrick4,Freedom Grabbers - HotL,155,58,2448,1
203,kuo,Taiwan Kuo Chen,155,72,2214,1
204,MurkyWaters,Bakersfield Tornado,155,97,3518,1
205,drs2631,North Jersey Patriots,154,98,3341,2
206,Fredmerkle,Lynn Cactuars,152,44,1364,1
207,FlyingWV,FlyingWV eMLB'ers PCK,152,70,2884,1
208,pauserefresh,Big Lake Dock Bullies,152,71,2870,1
209,MajorWager,Amish Adjacent Time Travelers,151,82,3160,1
210,celeryman,Bay Area Botanists F2P,150,63,2452,1
211,BigRedMachine,Spring Breakers,150,95,3203,2
212,Wilbur2,North Vancouver Captains,149,38,1210,1
213,macadcar2,White Rabbitt,149,39,2314,1
214,TeddyO2,Lafayette Crawfish,148,78,3605,2
215,Skotrix,Winnipeg Warriors,148,82,2873,1
216,goatfishman1,The Dancing Homers,147,65,1926,1
217,googs78,Allegheny Foresters,147,77,2365,2
218,El_Dirtbag,Long Beach Dirtbags,147,100,3617,1
219,rjmeyer,Angola Mine Sweeepers,146,29,710,1
220,downpat75,Idaho Taters,146,61,1860,1
221,Huskies,Arizona Huskies,146,78,2518,2
222,mraudit,Meaty Oakers,145,64,1739,2
223,netherwarden,Moria Miners,145,64,2015,1
224,Stockhfcrx,Tidewater Tides,144,59,1773,1
225,TayMorris27,ACGC Chargers,144,76,3179,2
226,Trosbo11,Cowtown Giants,144,78,2663,1
227,Nortdirt,Philadelphia Nortdirts,144,87,3471,1
228,ijbaker23,PhillyBurgh Philates,143,49,1525,1
229,KHitt,Long Beach Gladiators,143,62,1891,1
230,Klayylmao,Santa Barbara Mapachos,142,55,1525,2
231,Kalohn,Mirabel ExNats,138,65,2048,2
232,thegreatbambini,Roselle Rockets,138,109,4194,1
233,Lukin,Federal Way Paladins,137,59,1757,1
234,cbo49r,OBR Giants,137,62,1884,1
235,ZadyJones,Zady Zadathans - 643,137,63,1806,2
236,tkahrska,St. Paul Killer Whales,137,74,2667,1
237,Joe_Charboneau2,Huatulco Tacos,137,93,3269,2
238,pablogons,Squaxin Steelheads,135,50,1607,1
239,trojanmanPO,Everett Aquasox PO,135,66,2016,2
240,nahariko,Mjau City Knights,134,46,1225,1
241,Mark_in_MS,Oxford Rebels TBD,134,63,2003,1
242,kmacdonald,Almont Boiler Makers,134,69,2334,1
243,DKing395,Sarasota Seminoles,134,89,3835,1
244,jrynmac,Queso Cats,133,41,1304,1
245,sdshrugged,Groundball Defenders,133,49,1539,1
246,robgisbri2,Reston Blues,133,56,1718,1
247,gabeeg,Fancher Creek Giants,132,63,2095,2
248,AnthonyP,Steady Swing Centurions,132,79,2439,1
249,howski3318,HWood Griffins,131,27,836,1
250,RadioAlex,Castlegar River Kings,128,37,852,1
251,MaxLP80,Bonney Lake LPs - GH,128,39,1515,1
252,deadairwaves,Long Island Ducks,127,63,2074,1
253,10ozBud,IM FEDUP,127,78,2786,2
254,BigDingerman,Fort Erie Meteors,126,36,1143,1
255,tpyufejp,Mucha Fat Cat Fat Cat,126,66,2307,1
256,joekelly161616,Twin Lakes Townies,126,77,2531,2
257,madmask,Myrtle Beach MaskMen,125,47,1357,1
258,Dtrodden15,Weston Whoppers,125,49,1543,1
259,ColeTop10,Toronto Terns,125,51,2573,1
260,Chappel27,San Francisco Seals,125,56,1919,1
261,fussmucker2,The Oscar Madisox TTC,125,72,2498,1
262,68piratePCK,Central Kentucky Pirates PCK,124,41,1855,2
263,stan-theman,Chesapeake Bay Shoremen,124,51,1797,1
264,jemiller226,Ellwood City Wolverines,124,74,2367,1
265,bb5,Antarctica Penguins,123,42,1315,1
266,thegreatonex22,Gravity Falls Mysteries,123,49,1504,1
267,ArrrMatey,Stargell Stars TTC,122,49,1788,2
268,MattPhilpott,Firestone Murderhawks,122,62,2026,1
269,speedbeastx,Chicago Spuds,122,69,2498,2
270,choi9899,Pohang Steel,121,41,1425,1
271,nutbunniesTTC,Kamurocho Dragons,121,45,1298,1
272,BeatleBoy911,B-Town Nasty Boyz,121,50,2471,1
273,MrCrabbypants,Milwaukee Abandoned Boats,120,40,1163,1
274,easyriko,Rikoville Rikostars,120,70,2507,1
275,bwede,Orange City Bright Sox,120,75,3526,1
276,RiverTrippin,Southern Illinois River Bandits,119,46,1619,1
277,jdpelissier,Quebec Labrador,119,64,2080,2
278,austin09,Presidential Naptime,119,88,3340,1
279,Madskillz77,Lake County Captains,119,114,4253,2
280,jaybran11,Freehold Thunder,117,46,1347,2
281,DIamondGirl,Sunnyvale Bottlekids,117,54,1799,1
282,MadDog92,Mad Smashers,117,58,2037,1
283,tfswartz87,Oakland Oaks,117,64,2254,1
284,flyingsq,Richmond Assassin Squirrels,116,50,1521,1
285,diddler69,Oakland Bandits,116,62,2185,1
286,FrozenCola,Sacramento Rainiers,115,32,740,1
287,TVBen,Jubilife Luxrays,115,40,1211,1
288,Bigphatman87,Brentwood Guggenheims SoM,115,47,1357,1
289,Consign,Reisterstown Orioles,115,52,1631,1
290,gwjones7,Banana Splits TTC,115,56,1912,1
291,geno36,BunDang TyChe,115,82,4178,1
292,eddienwonton,Alhambra Moors - HotL TTC,114,48,2345,1
293,Moby-Dick,Inland Empire 66ers,114,62,2191,1
294,flash10367,Fightin' Fours TTC,114,63,2361,2
295,GrooveJedi,Johnstown Squatch Nationals,114,145,6240,4
296,FutureLegend,Idaho Huskies,113,28,1279,1
297,EvilDrugLord,Chula Vista Alley Cats,113,49,1738,1
298,ArtistRanger2,Toronto Terns PCK,113,50,1806,1
299,moggsy,Reno Raccoons,113,112,5718,3
300,timland14,Royal Canadian Mounted - PCK,112,33,2402,1
301,ESPN,Richmond Highlanders,112,51,2080,2
302,Fightnchance,Fightz Dawgz,112,77,2752,3
303,Ineluki,Cheswick Saxons,112,101,4217,1
304,John5539,Mos Eisley Smugglers,111,46,2371,1
305,JAtlas,Vero Beach Screwballs,110,44,1395,1
306,MisterxDave,Scranton Tacos,110,53,2835,2
307,PeJo,Nantucket Sleighriders,110,71,2692,1
308,Bush_Flyers,NorCal Bush Flyers,109,54,1819,1
309,KillerSnark,Houston Hurricanes,109,110,4372,2
310,edlusk1990,Rocket City Trash Pandas,108,55,1791,1
311,kgriffin44,Brethren Bobcats,108,69,2187,2
312,pwtigers,Flyball Sluggers,107,41,1106,2
313,wampeter57,King Street 504s,107,43,2049,1
314,MJBreit,Tulsa Doom,107,49,2558,4
315,HeavyHitta,Redwood City Bonnies,107,52,2254,2
316,smc250,San Antonio Rockets,107,54,1738,3
317,hawkeyemba,Hawkeye Hellraisers,107,81,2991,1
318,tstack,Northern Indiana Navigators,106,41,1311,1
319,danielsonmanlet,Atlantic City Surf,106,44,2258,1
320,slider915,Middie Bears,106,53,1872,2
321,BJS615,Cranjis McBaseball Cranjis,106,64,2197,1
322,xero1986,Clarington Coyotes,106,69,2626,2
323,Butta2050,Bellingham Legends,106,75,2612,2
324,jrooney325,Hudson Railers,105,36,971,1
325,nevermind,Oslo Fightin' Vegans,105,58,1905,1
326,Steevo,Ahuntsic Big Orange Birds,105,67,2644,1
327,Grinch,Macedonia Villains,105,82,2951,1
328,dwhit110,Indianapolis Clowns,104,38,1152,1
329,MulletWithBuffaloWings,St. Louis Sparkies,104,38,1281,1
330,wes33,Williamsport Crosscutters,103,26,556,1
331,Rothelstein,Dino Nuggets,103,41,1342,1
332,reinantone,Auburn War Eagles,102,33,1557,1
333,jeremy7227,Wanderview Warpigs,102,38,1460,1
334,gloomhawk,Saint Wendel Quaggas,102,42,1335,1
335,ravencrest,Beachcrest Blue Hornets,101,41,2070,1
336,Evilbert103,Orlando Heatstrokes,100,32,974,1
337,coyner32,Staunton Bulldogs,100,37,1060,1
338,jastyra,Houston Rednecks,100,37,1648,1
339,arizonaone,Indiana Rhubarbs,100,46,1639,1
340,vrmind,vrmind vrmind PCK,100,55,2953,3
341,ksb501,Boston Red Sox,100,56,1884,2
342,hemizen07,Great Lakes Pontooners,100,63,1958,2
343,jackvbd,Philadelphia Phillies,100,65,2417,2
344,dougthecanuck,Greenisland Blue Jays,100,85,3032,3
345,HuskyDev,Vine Diners,99,27,824,1
346,sfj,Jacksonville Leafs,99,37,1236,1
347,MudPuppy3,Shinjuku Tanuki PCK,99,40,2249,1
348,rokular01,Youngstown Ironmen,99,60,2297,1
349,golfhog44,Kenny G's Saxophones,99,61,2319,1
350,Vamplex,Ottawa Torch,98,39,1629,1
351,StratMJ,Carbondale Saluki's,98,50,1437,4
352,Thicketcat,Mt Lookout Locos,98,55,2459,1
353,stros98,Richmond Eagles,97,55,1887,4
354,bwsf93,Newington Nightmares,96,42,1325,1
355,katybass2004,Birmingham Astros,96,52,2017,2
356,RamblinSoL,Ramblin Wreck,95,34,1829,2
357,arejujas,Fusion M Asere QueBola,95,44,1546,1
358,Morganisahottie,Pensacola Blue Wahoos,94,52,2087,1
359,gocanes1962,PSL Hurricanes,94,53,2740,3
360,Leo_The_Lip,Richmond Gems,94,58,2174,1
361,Grinchful,Houston Harambanators,94,62,2189,1
362,baba_ganoosh_2,Oakland Athletics,94,63,3423,6
363,chriscjolley22,Carolina Bulldogs,93,29,879,1
364,Towlie,Towlie Terrors,93,35,1158,1
365,shawnsull10,Wash Park Rangers,93,63,3524,4
366,loon,Norfolk Cyclones,92,47,1588,1
367,BThom,Ann Arbor Blue - CG,92,53,1799,1
368,OrenthalGames,Deep Space Niners,92,56,2144,1
369,Circusham56,Spartan Hill Clovers-PCK,92,85,3302,3
370,agile,Chicago Exploding Whales,91,46,1355,2
371,prettylarry,Shreveport Short Kings,91,54,2043,2
372,stevez57,Philadelphia Fighting Zs,91,56,2139,1
373,Substituted,Chicago Gamblers - GH,91,72,2582,4
374,Beckdawg,Charlotte Sundevils - CG,90,33,973,1
375,TheWAX,Gwang Ju Confusion,90,36,1061,2
376,noryan34,Chargn Bison - HotL,90,44,1745,1
377,Abruzzi,Bruzziville Bruzzi Blockers,89,36,1259,1
378,Aircab77,Liberty Legends,89,56,2011,1
379,jollygoodlad,Las Vages,88,32,1063,2
380,ezradenney,Al Amedans,88,42,2769,2
381,Bcmarsh,St. Louis Browns,88,51,1549,1
382,Wildzombie,Atlanta Yaks,88,87,3501,3
383,Monopole,Medford Mallards,87,42,1379,1
384,kinz8908,Loxicha Guerreros,87,52,1831,1
385,Elite_Czar,Lawrence Lions,86,33,1643,1
386,dghostlaw,Buffalo Dingos,86,40,1279,2
387,CJStark,Cleveland Vulcs,86,45,1375,3
388,Jjfid66,Stillwater Cowboys,85,27,761,1
389,Undrdog44,Stanislaus Rock-a-Chaws - GH,85,39,1364,1
390,Shodai,Kumamoto Ozeki TBD,85,42,1186,2
391,jkmoney044,Fresno Fupas,85,63,2447,3
392,herbtarlec,Yellowhead Wounds,84,80,3363,1
393,BigDaddy1923,Montpelier Solons,83,15,502,1
394,thelwynn,Laffy Comedians - CG,83,29,1785,2
395,LalaLord,Los Altos Spartans,82,45,1575,2
396,gcam62,Dirty South Hit Men,81,32,817,3
397,bwradley,Petaluma Chicken Pluckers,81,40,1229,3
398,The-Answer,Anaheim Angels,81,41,1286,1
399,warkol,Washington Senators,81,50,1481,3
400,StargellStars,South Sacramento Marauders,80,25,605,2
401,Bbbbbb123,Rocket City Trash Pandas,80,28,870,1
402,schmoova2,Ocean City Crab Rave,80,30,911,1
403,scokap42,Maine Guides,80,33,1343,1
404,kjs97,Aurora Highlanders,80,38,1302,2
405,Pillowpants,New England Pillowpants,80,42,1368,1
406,Hensword,Kolnes Eagles,80,53,2238,1
407,davidelgin4,Lake Michigan Beach Bums,80,54,2084,2
408,Alvinpaul24,Wash Park Ringers PCK,79,46,1603,1
409,jhayes89,Huntsville Red Aces,79,51,1739,1
410,laptophound67,Friggen Rights Lets Go PCK,79,65,2409,1
411,whoamisir,Sandy Tiger Sharks,79,66,2456,2
412,davemacknis,Tegridy Farms Weed,78,37,1254,2
413,weesnaw,Santa Cruz Banana Sluggers,78,42,1494,1
414,dmacgreg,Gonzaga Bulldogs,78,52,1651,2
415,chalupapants,Sheboygan Pub Enthusiasts PCK,78,52,3001,3
416,stan0738,Bronx Bombers,78,53,1942,1
417,reservegoalie,Warner Twins,78,58,2089,3
418,Ballspiker,Bainbridge Badasses,77,24,599,2
419,vallen,Gainesville Gentlemen,77,28,1227,2
420,JohnHouse,Midtown Scavengers,77,42,1406,4
421,mjs2309,Kansas City Kings,77,44,1587,2
422,Xracman,Utica BruDogs,77,53,1818,2
423,FlaviusFlav,Alma Scots,76,31,1108,2
424,ChinoVot,Madison Monsters,76,46,1529,4
425,StratMJ99,K-State WildCatz,76,51,1671,3
426,SLW2,Schultz Boys,76,63,2593,2
427,sasso,Mooresville Hyons,76,67,2379,3
428,JoMo,Columbus Crusaders,75,28,835,2
429,wallooner,Madrid River Bears,75,29,874,1
430,fightz,fightz Raiders,75,33,1007,2
431,BrewerPacker,Wisconsin Badgers,75,45,1675,2
432,jhaverkamp,wayesboro generals,75,63,2310,2
433,kdwayne,Lexington Minutemen,75,67,2542,2
434,Stephen172,Norfolk Gamecocks,74,39,1293,2
435,LV-Kats,Lehigh Valley Kats,74,50,1650,2
436,trojan_fight,UCLA CHOKED CHOKED,74,54,2062,1
437,Duster75,Channahon Sox,74,64,2151,6
438,The_juice,Newport Gull's LE,74,73,3127,4
439,apkaufman,Cleveland Fighting Walleye,74,77,3161,2
440,Constabie,Numenor Faithful,73,31,973,1
441,MikeAnhingas,Jacksonville Suns,73,37,1436,4
442,stl_jason,Waffletown Syrups,72,40,1390,1
443,VixVapo,Livonia Trapaholics,72,42,1365,1
444,Schmitty94,Nashville Stars,72,43,1550,1
445,snuf1029,San Diego Madres Madres,72,65,2540,1
446,thatsmyboye,Scranton Parade Days,71,23,801,4
447,Warfsu3,Nippon Ham Fighters,71,25,817,1
448,EVCinNYCdr,Dodgertown Blue Legends TTC,71,37,1926,2
449,wduchene,Carlsbad Atitudes,71,39,1358,3
450,ArtistRanger,Retro Birds TTC,71,48,1862,1
451,superflymike1,Studio City Coldwaters,70,24,552,2
452,OJsOtherGlove,Da Bears PCK,70,28,1101,1
453,Anteaterpadre,Miramar Flying Tigers,70,31,1003,2
454,Thespacemaninla,Koreatown Typesetters,70,33,1348,1
455,Jimbojones124,JUB JUB,70,40,1293,2
456,Quiddle,Longview Lumberjacks,70,43,1423,2
457,boredmetsfan,Beacon Falls Wet Bandits,70,48,1842,2
458,MrPinchy,Jamaica AArdvarks,69,29,772,2
459,goblue1996,Selkirk Saints,69,34,985,2
460,sdrater,Montreal Expos,69,34,1489,1
461,Syt1976,Vienna Waltz Kings,69,37,1075,2
462,Jays197,Red Deer Rebels,69,39,1305,2
463,randycapps,Four Oaks Rebels,69,45,1676,2
464,justinthenavy,Bloomingdale troopers,69,59,2527,2
465,ptotherizzo,Toronto Baccalas,68,38,1307,1
466,BusterGrey,Seattle Stealth,68,39,1164,2
467,OBEEFE,Kent Island Sharks,67,34,1347,1
468,ClarenceRutherford,Htown Homers,67,36,1383,2
469,Dono43,Corio Tigers,67,41,1263,4
470,ChestRockweil,Reston Gunners,67,42,1396,3
471,bullforce,Sandusky Bullforce,67,61,2203,3
472,jjsavage,Shawnee Cougars,66,30,899,1
473,stephenwdavis,Reno Rhinos,66,34,1286,2
474,MrBabyGiraffe,Peck Park Peckers,66,59,2153,5
475,RTLight,San Jose Big Cats,66,64,2438,3
476,moses_k,Cincinnati Melodies,65,24,763,1
477,Jaultma2,Abbott Station Rail Riders,65,27,779,2
478,CraigDahlberg,Gotham Folie a Neuf,65,27,968,1
479,SNHED,Starfleet RedshirtsPCK,65,30,1111,1
480,Bearcat729,Cincinnati Chili Dogs,65,57,1992,2
481,Raptor,Ogden Raptors - HotL,65,57,3587,4
482,iamnumber494,Castelia City 494s,64,32,1214,1
483,Cornelius,Kendall Diamond Cats,64,34,1191,1
484,Warhawk,Arcadia Wyverns,64,44,1587,3
485,Tuckleberryfin5,Pine City Tronics,63,18,516,2
486,bucs,Pitt Bucs,63,45,1585,4
487,mrcollins18,Haverhill Hillies,62,19,532,1
488,Steveb415,Carpentersville Hammers,62,28,853,1
489,eggplantparmesan,Eggplant Parmesan,62,33,1120,2
490,DGoist,Cranberry Crushers,62,35,1559,2
491,bigsheldy,Sacramento Athletics,62,37,1642,2
492,Keithmt2025,Colorado Mountaineers,61,24,760,1
493,WayneDo,Alberta A's,61,27,942,1
494,robzilla346,Griffin Brawlers,61,32,975,2
495,gamernamer05,Morton Green Pumpkins,61,34,1019,2
496,Circusham,Clover Hill Spartans,61,62,2691,3
497,audwls1412,Chicago Cubs,60,16,653,1
498,wxscott,Denver Bellaires,60,19,876,4
499,LGMets6986,Gotham Dark Knights,60,28,800,3
500,maparrish,Hershey Hammerheads,60,29,858,2
501,Sandmd1,Encinitas Rockfish,60,35,1120,4
502,hexoiden,Boston Curves,60,44,1712,2
503,brix0900,Dresden Big D Dingers,59,14,333,1
504,cjbaseball11,Utopia Skywalkers,59,36,1572,2
505,Okjp55,Oklahoma Bearcats,59,39,1096,5
506,Soltres0210,Montreal Caribou,59,43,1434,4
507,zwrench,Eugene Emeralds,58,28,1073,1
508,snorlax23,Everett Aquasox,57,26,880,1
509,fluffydawg987,Maine Red Claws,57,38,1224,6
510,IJCrichton,Beckington Badgers,57,40,2152,2
511,chelsea0011,Rockland Surf,57,42,1600,2
512,chrisfeeley,Bramley Moor South Stand,57,46,1607,2
513,TheTyler,Boston Shamrocks,57,49,1788,2
514,au3rupy3,Taichung Goways,57,50,1671,2
515,dshaw47,Timbuktu Blues,57,53,1995,4
516,tjbarnaba,Springfield Isotopes,57,60,2175,3
517,Robin4,Madison Aggies,56,20,562,1
518,68pirate,Central Kentucky Pirates,56,42,1569,2
519,woody9x,Kensington Vipers,56,49,1738,3
520,jeeplj,Lynchville Mobster,56,50,1843,5
521,ScottyW,Cleveland Commodores,55,21,603,3
522,BlueSamuraiG,Vegas Shrimp Cocktails Hot,55,24,1561,3
523,11wagnerl,Fairview Knights,55,26,895,2
524,ilikesports2,Narragansett Wave,55,27,767,3
525,thedeadflag,Kapuskasing Injured Dudes,54,23,819,1
526,joshjonsam,Orcutt TriTips PCK,54,25,929,1
527,Xtoforas,Breslau Binturings - HotL,54,32,1247,10
528,Zooby2022,Tampa Bay Yankees 22,54,38,1528,2
529,ztevans-ttc,Atlanta Braves TTC,54,45,1510,3
530,th52,Brooklyn Dinger Hitters,54,62,2296,2
531,fingerslp,Macomb Township Salukis,53,23,799,1
532,JapaneseTwoEnglish,Philadelphia Quakers,53,34,1066,3
533,metalypuppies2,Little Rock Grays,53,40,1513,2
534,WeissDownsSoler,Jeju Tarheels,53,48,1733,3
535,ztevans,Carolina Mudcats,53,63,3768,4
536,rubyrock75,Annapolis Blue Claws,52,23,790,1
537,ratedgdr,FUWAMOCO Ruffians,52,25,793,2
538,anthony14e,The 208 Padres,52,25,803,2
539,vineyard,Schenectady Steel,52,27,937,2
540,Vuroth,Montreal Royals,52,41,1452,4
541,dcaframe,Wind Point Brewers,52,57,2654,4
542,Iristhomas1994,Sanford Spinners,51,30,1113,1
543,PumpDunkler,Watertown Pump Dunklers,51,32,1084,3
544,richgrisham,Billy Strings,51,63,2631,3
545,Skyrolla91,Portland Grizzlies - CG,50,13,325,2
546,MojitoBoy,Spokane Squirrel Cats,50,14,435,1
547,yonk2,Durham Weird Ones,50,21,744,1
548,mikelegs,Upstate Arsenal,50,22,755,1
549,Garrettjaxx19,Lakeland Aresenals,50,40,1782,6
550,baesdad,Arkansas Assassins,49,16,443,2
551,dpontier13,Omaha Twisters,49,18,534,1
552,rbal,San Francisco Sea Lions,49,18,645,1
553,Recrago,Nat League Town TTC,49,19,543,2
554,supernoah,Vancouver Pilots,49,25,891,2
555,Warhawk2,Havoris Trespassers,49,26,781,2
556,aaronrl412,Bikini Bottom Jellyfish,49,36,1400,4
557,butterspoon,Prairieville Gophers,48,17,445,2
558,ilay620,Las Vegas Bat Country,48,19,818,2
559,matsustrak3,Borocay Bombardiers,48,22,697,2
560,Freedom1978,Yokota Samurai,48,22,856,1
561,tigertiger,Toronto Blue Jays,48,31,996,4
562,PlayBall2020,Toledo Mighty Hens,48,38,1313,8
563,Astrodawg,Alabaster Abalone,48,42,1906,2
564,BeaconHolder,Hesperia Elephants,47,9,140,2
565,Route66,Route66 Highwaymen TTC,47,9,201,1
566,parkjihyo3,sf onces,47,13,441,1
567,Succubus_Amber,Philadelphia Succubi,47,33,1160,4
568,trustgreene,Mendham Mud Hens,47,37,1776,4
569,Creyton53,Prairie Grove Tigers,46,34,1209,3
570,willnick,Warner Robins Demons - HotL,46,34,1625,3
571,Jblackwood87,Long Island Ducks,46,45,1943,2
572,double,State of the Sim Leagues TTC,45,24,874,1
573,Tamzin,Miami Tamps,45,30,908,3
574,QS7T,Alberta 47's,45,37,1476,4
575,GrimmReality,Stone Creek Armadillos,45,40,1469,3
576,HMoth,Hollywood Mothers,45,43,1660,3
577,vbjb,Eagle Idaho Hawks,45,44,3352,2
578,maninhat76,Florida Men,44,18,576,7
579,dmacgreg37,Notre Dame Fighting Irish,44,20,553,3
580,theexTIMinator,Humongous Melonheads,44,20,1006,5
581,brox13,Shelbyville Nuclear Power Plant,44,26,1035,1
582,dmsg201,Covington Blue Sox,44,29,1169,1
583,zysem6,Saratoga Gallopers,43,13,425,1
584,yno88,Elam Van Gilders,43,27,985,2
585,Dono433,Giant 43s,43,34,2066,2
586,widereceiving,Valencia Oranges,43,44,1630,3
587,EVCinNYC,EVC's Banshees,42,6,142,1
588,bksenior,Canasty Street Weirdos,42,9,286,1
589,dwcoleman0612,West Chester Commandos,42,15,511,1
590,TigerGDK,OKC Whirlwinds - PCK,42,30,1757,6
591,thestormbacca,Detroit Wookies,42,40,2054,10
592,Doubleglaze,Roseburg River Hawks,42,51,1974,7
593,AceBrainteaser,Pop's Volcanos,41,10,287,1
594,Blacktrip,Beaverton Black Wolves,41,14,319,3
595,redsoxfaithful,Charlotte Aviators,41,15,816,6
596,dannibalcorpse,Long Island Trash Boyz,41,23,787,3
597,Tvbona,Goshen Fighting Maple Leafs,41,23,807,1
598,GoClippers,winning winners,41,24,900,2
599,thehuseman1,Hancocks and Sidekicks TTC,41,31,1606,3
600,bosox65584,New England Riptide,41,36,1809,3
601,Blundy,Elizabethtown Diamond Dawgs,41,42,1960,2
602,beaureese,Charlotte Phighters,41,50,2110,5
603,mustardplug,Somerville Villains,40,17,443,2
604,Cap_Anson,Trawick Blueberry Crushers,40,19,630,4
605,BarnOwlsAby,Harrisburg Barn Owls,40,29,1127,3
606,darrylm,Edmonton Prospects,40,34,1064,4
607,Erad,Kandy Kanes,40,36,1428,3
608,Ominous,Zand Dynasty,40,38,1705,5
609,accismusfox,Rocky Mountain Vibes,39,9,206,2
610,Raider42,Armada Angels,39,10,299,1
611,heathdg,Slightly Crushed PCK,39,14,696,3
612,Semimango,Seaholme Pelicans,39,18,601,1
613,LuskQuake,Shamrock Club,39,20,1142,1
614,Isaac292929,Belltown Crows,39,28,1103,3
615,akaHoudini,Hunlock Creek Phillies,39,29,958,5
616,savagino,Portland Sea Dogs,39,29,1192,7
617,JuliusR,Green Mt Boys,39,44,1663,5
618,VatosLocos,Rotterdam Hooligans,38,7,131,1
619,Mythofdob,Ottawa Hawks,38,16,496,2
620,ThoughtsofSeb,Westchester Warriors,38,17,471,3
621,fireman131,Avery's Avengers,38,23,798,1
622,coolnicwang,NIC GTpro PRS LTD-2015,38,27,1053,2
623,Rwautlet,Nashville Stars,38,29,1090,3
624,Kvothe,Horton Bay Hemingways,38,40,1986,1
625,igobyron,Bethlehem Steelpugs,37,10,510,1
626,Rambler97,lost lake loons,37,17,664,1
627,TheBrocktopus_99,Atlanta Eagles,37,18,557,1
628,Brandon5tewart,Homestead Isotopes,37,24,808,4
629,gmjorden,RISP City Scorers,37,25,970,5
630,zacxor,Senftenberg Moshers,37,51,2050,5
631,tmcnickle33,Memphis Chicks,36,14,333,4
632,JShea19,Traverse City Beach Bums,36,18,627,1
633,psmith922,Glendale Suave House,36,20,646,4
634,Dal8847,Grand Rapids Warriors,36,20,735,1
635,dmsg202,Tamalpais Chiefs,36,21,797,2
636,saltair,Keir Tempers,36,23,1062,4
637,Fyrinor,Beachside Blue Hornets,35,7,190,1
638,Brahmsian,Hanover Paladins,35,17,502,4
639,Karamba88,Krakow God Honour Fatherlan,35,21,1345,2
640,SamuelBaerga,New Jersey Clippers,35,26,950,3
641,rsimon311_27,Edmond Yetis,35,26,971,3
642,motyatucker,Ithaca Isotopes,35,26,1025,5
643,Frost99,Merriman Park Red Raiders,35,45,1698,5
644,RyeGuytheTechGuy,Old Factory Shakers,35,45,2098,3
645,cpm120,Satellite Beach Manatees,34,9,259,1
646,poguemahone81,Greenville Airhogs,34,11,347,3
647,BigDumper,Madison Park Zags,34,14,409,3
648,SunnyBurn,Salt Lake Bees,34,15,435,2
649,Wheatchex,Wolcott Locomotives,34,17,697,1
650,Dernatron26,Hobbiton Hobbits,34,22,694,4
651,Ravioli27,Montreal Canadiens,34,24,814,6
652,skip410,McConnellsburg Maulers,34,37,1447,7
653,RoosterKing,West Richfield Barnstormers,33,6,126,1
654,petrichor_PCK,Punxsutawney Pandas PCK,33,10,405,1
655,RyanHall,Oceanside Baseballroos,33,13,446,6
656,iamqameron,Portland Roses,33,20,845,4
657,clavette2,Connecticut Stripers,33,21,654,4
658,hometownmarkup,Waltham River Otters,33,34,1421,3
659,Scorpio74,Virginia Generals,33,39,1382,7
660,Orioles1970,Hughesville Hangovers,32,8,220,1
661,twinndaddy,OBX Waveriders,32,15,714,1
662,fyrinor00,Beachwood Blue Hornets,32,16,508,4
663,odradek,Ghost Town Revenants,32,21,665,8
664,Yeen,Munich Black Cats,32,24,837,4
665,Wmbly62,Kitchener Panthers,32,27,938,3
666,Panzeric,Blissfield Sugarboys,32,31,1209,6
667,Dakota_Tundra,West Chester Umakinz,32,32,1190,6
668,camonroe,Virginia Hunters,32,37,1402,2
669,BeatleBoy9112,B-Town Barnstormers PCK,31,8,191,2
670,atabakin2,Chesapeake Freaks,31,9,359,1
671,piecraver,New York Whalers,31,12,403,1
672,MysterE15,Boise Hawks,31,18,525,5
673,corgichickenleg,Whitetop Mountains,31,24,809,3
674,qqqw,Dugwal Dirt Diggers,31,25,884,2
675,No_Moneyball,Oakland Athletics,31,27,1048,8
676,Delfin,Old Gods of Asgard (PCK),31,33,2311,7
677,Cenambik,Lincoln Prairie Fire,31,37,1365,9
678,tkinsherf,Boston Dash,31,46,1940,5
679,batt27,Felton Plunkers,31,57,2258,5
680,alien1011,Verona Edge,30,7,156,2
681,quentinbzh,Brest Bulldawgs,30,8,212,3
682,Nukester,NY Dirtywater Dogs,30,10,309,2
683,Splashshots,Minnesota Loons,30,13,459,4
684,DannyM,Anchorage Moose,30,15,421,3
685,chsfb75,Mishawaka Shoe Raiders,30,20,851,5
686,BeamZ,Modesto Nuts,29,8,233,3
687,xplisit129,Carthage Elephants,29,9,276,4
688,julie,San Antonio Beach Boys,29,18,555,4
689,40Calhoun,Charleston Sand Gnats,29,18,854,4
690,jcomey,Albion Rounders,29,24,783,5
691,JayhawkQ,Lawrence Royals,29,26,936,4
692,Coop15,New York Knights,29,27,1021,5
693,Metallical,Super Luffy Mawrinas,29,27,1285,4
694,Shuggy101,Edinburgh Eagles,29,31,1223,3
695,Primo_Fizz,Scottish Claymores,29,44,2070,10
696,hetubird,Pawtucket Red Sox,28,2,11,1
697,aw13_pck,BINGO Checkers Union - PCK,28,2,17,1
698,kenr48go,Speed Kills Defense Wins TTC,28,12,347,2
699,googledrive,Olathe Falcons,28,22,1104,2
700,stan1947,Team Dynasty Screamin Eagles,28,52,2197,6
701,BONESAWISREADY,Dertroit Beisbolcats,27,4,93,1
702,ZigglarsTusk,Detroit Mustangs,27,5,170,1
703,edmo922,Nome Sayins,27,6,190,1
704,HermanSmutley,Southend Seasiders,27,7,137,2
705,Stoli406,Casas Adobes Red Foxes,27,7,281,1
706,AngusFrankfurter,Cherry Grove Lazer Raptors,27,11,386,6
707,ssuldae,BUSAN BLUE JAYS,27,20,676,3
708,guno050310,ATLANTA Crew,27,26,876,5
709,mhilgenkamp1,Fremont Tigers,27,29,1024,5
710,Auto777,New Bedford Nuts,27,40,2139,5
711,APB1990,Newcastle Magpies,27,44,1678,6
712,rudyt2039,Ft Worth Oil Barons,26,6,301,1
713,chessafari,Charbonneau Lynx,26,9,399,2
714,Ruffdog72,St. Louis Brownies TTC,26,16,596,2
715,tksnow8,Seattle SuperSonics,26,17,701,4
716,jjhels,OKC Black Bears,26,18,718,4
717,mitchiapet,Midwest League Alumni TTC,26,20,748,3
718,Fighting22,Clown College Dropouts,26,25,847,5
719,Penji,Salisbury City,26,31,1300,12
720,jsitko,Pulaski Pils,25,4,130,2
721,mkeaveney01,Saratoga Colts,25,8,190,3
722,Eltoasto,Shibuya Shredders - GH,25,10,301,3
723,spindoctor02,Little Rock Rangers,25,11,307,6
724,Capngary,Chattanooga Hart Attacks,25,17,518,8
725,Chaotic903,Kansas City Monarchs,25,18,793,5
726,2-seamer,Detroit Spirits,25,18,938,2
727,yankeedan7,Lake Ridge Wranglers,25,19,648,3
728,rvd887,KR Royal Chanels,25,22,1055,5
729,lewis1985,Scuderia Ferrari,25,23,887,6
730,Momosomi,Seoul Super Stars,25,27,1252,4
731,phillyguy73,Philadelphia Blue Jays,25,39,2021,7
732,Lathum,Belmar Brew Crew,24,13,431,4
733,ItzNorCally,Humboldt Bay Clams,24,17,565,3
734,makabara2,Itchycoo Park,24,21,704,7
735,TonySpumoni,Cascade Blizzard,24,21,753,5
736,tommygunz,Orlando Arcias,24,21,758,6
737,Nate1105,Bayou City Yard Dogs,24,22,919,2
738,Brent3232,BYU COUGARS,24,29,1000,8
739,textilemonster,Kokomo Automakers,24,30,1190,8
740,lisalovesbiology,StufftyTown Stuffties,24,34,1651,3
741,brewcrewbombers,Dinosaur Bob and the Pimlico Pirates,23,6,111,3
742,huntedsours,Seoul Heroes,23,10,320,4
743,solorush,Sammamish Totems,23,12,367,2
744,Low_and_Slow,Outside the Box Silver Foxes,23,15,538,3
745,ncrouse7,Lonestarr Eagle Fives,23,16,653,4
746,yaoshow,Busan Nose Dogs,23,16,658,3
747,keithsmoustache,Oklahoma City Dumb Okies,23,19,607,6
748,Jakkarro,Silver Lake Poachers,22,7,236,2
749,skyofuli,Gilead Gunslingers,22,12,397,4
750,questonme,The Big Lebowskis,22,15,478,5
751,Thistledroyd,Manchester Camels,22,15,522,6
752,mitchiapack,Pacific Coast League Alumni TTC,22,19,606,8
753,cubsfan2003,Big Boys From B Teams TTC,22,21,1399,14
754,rrajeevy,New York Jackhammers,22,24,984,5
755,PAF,Gladstone Athletics,22,25,1147,3
756,Joetime,Dunedin Standard Poodles,22,39,1800,9
757,SpecialK19,Cleveland Spiders,21,7,191,4
758,dhartman90,Tampa Smokers,21,7,206,2
759,szczepam,Philly Phlyers,21,11,417,4
760,camel,Dunwich Horror,21,12,415,7
761,aw13_ttc,Dome Sweet Home - TTC,21,12,423,5
762,sportsman44,Family Sielo Gabino,21,15,683,4
763,derekofferman7,Bonds Barry Bonds,21,16,534,12
764,nutbunnies,New Haven Ravens,21,17,621,3
765,kah88,South Bend Jackals,21,18,761,3
766,ntorsky,Door County Dockers,21,18,896,4
767,brsexton42,Bensylvania Zephyrs,20,7,170,3
768,profoundity,Saitama Nandemo,20,11,346,4
769,akap2010,Olney Squirrels,20,12,383,3
770,gpiazza,Denver White Elephants,20,12,539,3
771,PreFightDonut,Everett Aquasox,20,13,458,5
772,Emmab217,Newark Bears,20,14,470,5
773,Stogies,Tampico Stogies,20,18,549,8
774,Chrisbaseball7,Oregon Ducks,20,23,947,6
775,SamwiseGanja,GreenBowl Packers,20,24,735,9
776,mick1027,Shawnee Silver Sox,19,5,122,2
777,Wilsox,Frankford Buck Hunters,19,6,240,3
778,krparker87,WV Power,19,9,540,10
779,oreamnos,Snohomish Sea Otters,19,10,345,4
780,omaldaal_455,Equipe Quebec TTC,19,11,324,8
781,Sizer,Melbourne Praetors,19,12,372,5
782,crouton215,Chicago Crouton Crushers,19,14,501,3
783,Cios23,Tampa Bay Devil Rays,19,14,805,3
784,swgalaxy,Scruffy Nerf Herders,19,15,532,4
785,shadowlab2000,Shakedown 1977 Microbus TTC - HotL,19,15,751,7
786,wkelly73,Fort Worth Garrison,19,16,518,11
787,killgorefish,Happy Cowboys,19,17,536,6
788,duckworth92807,So Cal Spicy Srirachas,19,17,553,9
789,Oakenshield,Chile Chillionaires,19,20,862,16
790,offseasonblues,DS Niners,19,42,2087,5
791,Ichiro262,Michigan Trumbull Walewanders,18,7,184,2
792,TheBurg11,Stuart City Surrender Cobras,18,9,254,6
793,dylanb29,London Knights,18,9,369,4
794,Rusty_Kuntz,Kentucky Colonels,18,10,291,6
795,richiro33,Las Vegas Stags,18,19,655,9
796,gricky_grimez,Culver City Glizzies,18,19,868,9
797,jmo32,Ocean City Crabbers TBD,17,6,221,4
798,Thehildabeast,Bellevue Butchers,17,7,309,12
799,Lastnline,Nor Cal Vibes,17,8,291,8
800,rj1240,PVille Rage,17,8,313,4
801,tlasko,Cleveland Spiders - CG,17,9,271,5
802,rhammondinho,Milwaukee Milkmen,17,13,495,7
803,bakalbhenn,Sunnyvale Mustard Tigers,17,14,452,3
804,ajslayer44,Winnipeg Team of Awesome,17,18,694,5
805,janitor,Springfield Scrubbers,17,27,1124,9
806,theconstantlaw,Delaware Blue Hens,17,28,1068,5
807,khucjh15,Los Angeles Dodgers,16,2,33,2
808,eraticobserver,Woodstock Paper Tigers,16,4,94,3
809,jc25,Beckley Bucks,16,5,130,4
810,hubatbat1943,Whitin Rockets,16,6,226,6
811,phoenixplp,Phoenix Firebirds,16,7,228,3
812,boofbosner,Atlantic City Bacharach Giants TTC,16,11,480,5
813,Cheech34,Arizona Wavy Gravy,16,12,445,3
814,Moid,Milwaukee Barrelmen,16,13,570,4
815,HippoPlaysBaseball,Puyallup Bloat,16,14,468,7
816,amjohnso,La Crosse Lumber Puppies,16,16,475,11
817,BigDaddy1928,UVM CATS,16,17,679,5
818,piatesfan79,Bull City Bombers,16,20,845,11
819,MightyHealthy,Parodic Initial- Havers - SCROTL,15,1,2,2
820,JoelFK,Springfield Steamed Hams,15,1,4,4
821,phillies07_08,Magnolia Rams,15,2,48,2
822,XCRunners,Jeepville Wranglers,15,8,302,5
823,goclippers2,Atlanta Jaspers,15,10,315,6
824,psyro23,Statesville Shadowcats,15,10,337,3
825,bk4021,Omaha River Rats,15,12,392,6
826,geysers,Tuscaloosa Thunderbirds,15,15,470,9
827,Warfsu,Gettysburg Warriors,15,16,781,7
828,timomouse,Sandy Bees,15,18,567,5
829,Brayden15,Long Island Ducks,15,18,739,13
830,Avitt21,Fuzzy Dunlap,15,19,794,11
831,quase23,Somewhere South,15,21,969,9
832,jdfisher91,Norwalk Suns,15,23,972,14
833,halferah,Pittsburgh Palm Bucs PALM,14,5,129,3
834,Bbarnett98,Reston Wranglers,14,5,138,3
835,Rayzor,Shoebox Legends,14,6,154,3
836,thekid1919,Somewhat Damaged,14,7,260,3
837,iamxplisit,Pensacola Pinstripes,14,8,222,10
838,brainer1023,Charlotte Giants,14,11,475,7
839,greg_oz,Danville Diablos,14,13,569,6
840,Bigwhiff,Ahwatukee Augers,14,14,534,12
841,eamuscatuli,Prestige Worldwide,14,14,692,14
842,slayers0812,Shreveport Bashers,14,19,757,15
843,ragecage559,California Athletics,14,20,877,6
844,Footie75,Carbonear Devil Dogs,14,24,1001,7
845,cacrowl,Normal Nighthawks,14,28,1078,18
846,ThePhantomPoo,Aurora Angels,13,3,58,4
847,4forDelgado,Dawson City Nuggets,13,3,105,4
848,oldstorm700,Saint Wendel Palatines,13,4,55,10
849,PSYCHOG,Fishhawk Freedom,13,9,199,9
850,Citidream,Northville Stallions,13,13,581,8
851,dag,Chicago Rat Finks,13,13,607,5
852,andyg24,Sheffield Artefact Sceptics,13,13,1031,13
853,gjewett1,Philly Lumberjacks,13,15,600,15
854,JSW123,Melbourne Criminals,13,15,753,7
855,PMG,Mundy Mustangs,13,17,638,8
856,jacobavalene,LCFC FOXES,13,17,701,9
857,joelszak,Sedona Sky Readers,12,4,126,3
858,J1A19P5,Calgary Vipers,12,5,228,9
859,SneathLane,Sanko Slicko Hopmashers,12,7,388,5
860,aikotoba,TAIPEI BUNNY,12,8,250,5
861,jeffw3000,Beaver Falls Bees,12,8,263,5
862,JAJILLAS,Barcelona Armadillos,12,9,290,7
863,PlsStopYelling,Seattle SadBoys,12,11,461,7
864,stubby_clapp,Montreal Olympiques,12,14,487,11
865,Snake_Plissken,Kingsport Ancients,12,14,593,12
866,MistaD72,Hamilton Ding Jackers,12,15,609,6
867,Jojorabbit21,Football Manager 2012,12,16,628,16
868,redsoxcurse,Flagstaff 49ers,12,20,816,5
869,ErieLive,Montreal Expos TTC,11,2,33,4
870,rolley1970,Tennessee Trains,11,2,59,3
871,HeyMelo27,Worcester Portugees,11,3,84,4
872,ktoering,OOTP 26 Imperfects TTC,11,3,96,3
873,kyndig2472,Beware of Chicken,11,4,65,5
874,SalTnutZ1,Kansas City Kings,11,4,152,4
875,hoosier9,Lowell Cubs,11,5,122,8
876,esasky,Dizzy Esasky,11,6,193,5
877,phillzigg,Buffalo Bisons,11,6,231,5
878,SOdette,Asheville Skydogs,11,9,256,10
879,Melbye,White House PB JAM,11,10,288,9
880,xekyn92,London Ocelots,11,10,338,6
881,synthbangers,Spring Synthbangers,11,10,529,9
882,DocBear,Knockemstiff Golden Horde,11,12,529,9
883,Frostcrest,Cy Young Winner Rick Porcello HOTL,11,13,498,5
884,splattus,New Haven Ravens,11,15,602,11
885,TheWriter,Milwaukee Butchers,10,1,3,3
886,doc,K-STATE BATCATS,10,1,3,3
887,mastastanza,Maryville Isotopes,10,1,3,3
888,NMCher,Kashima Foxes,10,1,4,4
889,craigbshuman,Minneapolis Millers,10,1,4,4
890,teem1,Waimanalo Blues,10,1,4,4
891,tdquinn2617,Houston Pioneers,10,2,45,3
892,Cap_Dew,Carolina Sasquatch,10,4,72,8
893,cjay101,Great Bend Panthers,10,4,82,8
894,james4112,Trois-Rivieres Red Rhynos,10,4,109,6
895,BearMountainX,Bear Mountain Bruins,10,4,118,4
896,VonPreux,Sendai Samurai,10,4,167,4
897,TransAmWhisperer,Clemson Tigers,10,5,125,16
898,jjuengel,St. Louis Braumeisters,10,5,144,5
899,CAMELSBACK,Venus Flytrap,10,6,157,6
900,bababooey4,Baltimore Bababooey's,10,6,233,6
901,s3rat0nin,Brooklyn Robins,10,7,238,14
902,Pud_Galvin,San Francisco Seals,10,8,280,7
903,s1c1l1anm0bst3r,Long Island Ducks,10,8,406,12
904,Lorgeous,Rockford Peaches,10,9,265,14
905,Cloud87man,Songdo Eagles,10,9,363,8
906,Gruffy_McGraw,Deltaville Fire Ants,10,9,466,8
907,Trigger017,St. Louis Sluggers,10,9,495,13
908,ijcrichton3,Beckington Historicals,10,10,328,9
909,Richter,Buhners Bombers,10,10,363,12
910,miketx56,Borger Busch Slammers,10,11,496,5
911,Cramel,Farmville Barnyard,10,12,478,7
912,Capes,Wheatfield Underdogs - GH,10,13,500,10
913,RealVanillaGorilla,Epic Furries,10,15,837,5
914,IDontEverLose,Ottawa IDontLose,10,17,737,13
915,Bonesmalone3246,Star City Scary Cats,10,17,765,12
916,yazfan67,Westborough WooSox,10,23,1018,7
917,toastytrost,Morris Mallards,10,23,1206,10
918,TeeClev,Winston Salem Dash,9,2,17,5
919,cmorr,Parma Red Passion,9,2,17,8
920,DarkChaosGaming,Tulsa Goldies,9,2,24,8
921,DepDog,Rickville RubberDuckies,9,3,51,8
922,Powser005,Vancouver Timbers,9,5,198,7
923,Bobble,Bobble Socks F2P,9,6,195,9
924,FlickOfTheWrist,SW Washington Black Bears,9,6,195,9
925,Pacoima,Lassen Dragons,9,7,204,10
926,becksaysno,Raleigh Rubadubs Rubadubdubs,9,7,253,12
927,Wild_Stallions,PNW Wild Stallions,9,8,298,12
928,crouton1971,Tennessee Tornado Bats,9,11,408,10
929,metrician,Delco Accents,9,12,401,9
930,gothmoney,Gdansk Mariners,9,12,545,11
931,Moneymanny22,Montreal Expos,9,12,553,5
932,Lapillus,Halong Seafarers,9,13,457,11
933,jacobb0321,Toledo Mudhens,9,13,489,13
934,Infinite,Murray Giants,9,14,1076,5
935,Goldeneye55,New Jersey Devils,8,5,140,5
936,Bamrock,ARRRRRRRRRRRGH PIRATE SEARCHING 4 B,8,5,141,6
937,AshevilleBoomsticks,Asheville Boomsticks,8,5,165,8
938,Judicator,Topsham Anglers,8,6,216,6
939,mcolhoun,I Love NY TTC,8,6,218,5
940,jlk14,Morro Bay Chameleons - PCK,8,6,279,24
941,MadMatt,Durham Los Toros,8,8,297,9
942,statmattmitchell,St. Charles Fighting Saints,8,9,319,9
943,Caesar66,Vancouver Voodoo,8,9,329,7
944,rkluger3,Malta Fruit Loops,8,9,362,6
945,bcrp77,Domincan Plataneros,8,9,568,6
946,gorgo2005,Finneytown Flames - HotL,8,10,363,6
947,ManBehavinBadly,Casey 2 Cans,8,10,531,10
948,ifeelnormal2,Bloomfield Pilgrims,8,11,522,12
949,LouCat22,New Jersey Thunderbolts,8,11,534,16
950,cb2,Guadalcanal Lightning,8,13,863,27
951,JRobs42,Tewksbury Minutemen,8,14,584,14
952,skjung1998,Loughborough Ducks,7,2,29,7
953,kakahingwong,Seattle Seahawks,7,2,48,16
954,JmRoto,. Roto,7,3,74,7
955,Frosty24,Chicago Cubs,7,3,82,8
956,PhatDoinks,Pittsburgh PowerHAUSE,7,3,110,6
957,shabagel,Montreal Expos,7,3,122,8
958,mdweible,Idaho Vandals,7,4,138,7
959,EfficientCucumber,Hill Country Croissants,7,5,184,12
960,BraveSol,Southern Sol PCK,7,5,187,5
961,Luth,Richfield Typewriters,7,6,182,16
962,Smurph,New York Smurphs,7,6,217,15
963,morgme0,Columbus Jobus,7,9,360,12
964,Amused1,San Francisco Sonics,7,10,368,12
965,opw137,fire pants,7,12,470,6
966,Silo,OKC Comets,6,1,7,7
967,x23jE,x23jE x23jE,6,1,7,7
968,Kleinman85,Austin Hammerheads,6,1,8,8
969,TheInventor,New York Yankees Yankees,6,1,8,8
970,TommyHawk,Ames Face-Punchers,6,1,14,14
971,czechjustin,Beskydy Vinegar Punk,6,2,25,9
972,cajafuerte14,Elsinore Daggered Nine,6,2,32,16
973,Bullwinkle,Underhill Black Bears,6,2,46,6
974,Witmer31,Lancaster Littles,6,2,59,5
975,zrog2000,Apex Predators,6,2,60,8
976,daveyfire11,Northern Virginia Rainbow Wizards,6,2,70,8
977,BrueskeGoat,Wauconda Black Panthers,6,2,82,5
978,chrism,Phoenix Drought,6,2,120,6
979,Mattram08,El Paso Trojans,6,3,73,10
980,jsitko2,Montrose Beach Piping Plovers,6,3,74,11
981,borskram,Chandler Roadrunners,6,3,98,6
982,Yotsu,Endfield TangTang,6,3,132,6
983,Itealo55,Itealo GameGetters,6,4,144,5
984,luissalasb17,Twin Peaks Pinguinos,6,4,187,6
985,Deadoblivion,Trenton Triceps,6,5,112,11
986,kaachhimself,Drumheller Dinoroars,6,5,133,11
987,trod,Freedom Grabbers - HotL,6,5,138,11
988,crmorri3,Philly TBA,6,5,198,5
989,FreddyFoxTV,San Pedro Pirates,6,5,214,11
990,Lutherwwwb,South Richfield Sushi Rolls,6,5,261,10
991,nichodav,Oakville A's,6,5,301,5
992,mightymorlang,Rochester Rage Hawks,6,6,215,9
993,badgercd,Capri Badgers,6,6,221,8
994,JordanIsACow,Pittsburgh Bridges,6,6,227,10
995,mscianca88,Fairview Knights,6,7,207,16
996,mdlax19,Baseball Team,6,7,272,14
997,millerp16,Biloxi Shuckers,6,12,486,19
998,ameliabedelia,Angeles Angels,6,12,581,9
999,OpTiamBlitZ,Charlotte Eagles,6,15,558,17
1000,NationalizeMLB,GC Strength,6,15,613,19
1001,Nelmit,Matagorda Bay Tides,6,16,791,14
1002,torvald7890,Deadwood Punch and Judys TTC,6,22,1598,17
1003,tmtk,Houston Purples,5,3,54,9
1004,mrconce,Great Lakes Loons,5,3,107,18
1005,Razorstackz,Razorstackz Razor,5,4,207,16
1006,aughts10367,Windy City Southside Pale Hose TTC,5,5,149,11
1007,agarris1,Sticky Bats,5,5,168,14
1008,kenw62356,Low Country Gators,5,6,193,14
1009,Threeve,Las Vegas High Rollers,5,6,220,13
1010,hoolash,Coldwater Crusaders,5,6,328,12
1011,DonovanKreed,Portland Sirens,5,7,235,10
1012,STLWes,Busch Whackers,5,8,286,9
1013,Lordpig,IRB Iron Pigs,5,9,346,16
1014,BriDav006,Delmarva Shorebirds_TTC,5,9,424,11
1015,04Monstah,John Henry Must Dye (hiS haIR),4,2,28,10
1016,ssanger1974,Southside Hitmen - HOTL,4,2,39,13
1017,atwarren44,Transylvania Counts,4,2,71,15
1018,Thedeityofice-PCK,Pittsburgh Ironmen - PCK,4,3,74,9
1019,bmaahs,Tampa Dumpster Fire TTC,4,3,77,14
1020,Jackphoenix,Tardis City Doctor Who,4,3,82,10
1021,ArmandBaseball,Jacksonville Cthulhu,4,3,82,11
1022,brushback,Scuderia Ferrari,4,3,133,13
1023,Letsgoos,Carolina Orioles,4,4,107,11
1024,Magenta_Face,Sacramento Magpies,4,4,123,21
1025,Dserv4,Holly Springs Brewers,4,4,131,11
1026,RBicide,Seattle Seadogs,4,4,135,10
1027,McGlovin,Inland Empire 66ers,4,4,151,15
1028,VoiceofReason1976,Medway Car Parks,4,4,186,11
1029,Totaro,Kotonoha Akanetics,4,4,217,24
1030,username0251,Cudahy Day Drinkers,4,5,137,20
1031,PaulM,Hawaii Islanders,4,5,144,16
1032,Baseballbroseph21,Aurora Diplomats,4,5,178,15
1033,Butang,Hanshin Tigers,4,5,185,14
1034,atabakin,Virginia Beach Freaks,4,5,187,11
1035,Hello_Friend426,Hello Friends - PCK,4,5,209,15
1036,fubbydude1991,Flint SOL Lions,4,5,384,21
1037,TheRick,Rockford Redbirds,4,6,184,22
1038,TeamKillGreg,Brooklyn BedstuyBoys,4,6,187,20
1039,miki,Los Angeles Dodgers,4,7,290,13
1040,rwall1988,Bay View Sunsets,4,9,328,23
1041,alexothegreat520,Hackensack Bulls,4,9,342,17
1042,kit_belcher,London Braves,4,10,361,21
1043,dhornermb,Country Clubbers,4,11,600,11
1044,zgrizzly,kingsville Jays,4,12,609,14
1045,WELL_DONE,Quebec Nordiques We-The North,3,1,9,9
1046,sarcasmo,Beantown Brawlers,3,1,9,9
1047,GBB0SS302,Ottawa Senators,3,1,11,11
1048,Vialabo,El Vampiro Ankle Biters,3,1,11,11
1049,BradChampion,Worcester Boys of Somers,3,1,12,12
1050,TheChosen0ne,San Diego Padres,3,1,12,12
1051,babyfarkmacgeezax,San Fernando Valley Tacos,3,1,12,12
1052,Epicque,Hawaii Dolphins,3,1,13,13
1053,GreenKali,Mackinaw Peaches,3,1,15,15
1054,jugrz82,Tionesta Tornadoes,3,1,15,15
1055,uw,Montreal Maroons,3,1,15,15
1056,aron07,Milwaukee Brewers,3,1,16,16
1057,djsparkes,South Shore Priests,3,1,16,16
1058,TheAngeloRamos,San Clemente Kooks,3,2,51,11
1059,JonBovi,Angeles Babies,3,2,53,13
1060,thaines,Jamestown Highlanders,3,2,53,13
1061,billk23,Hanover Hammers,3,2,60,13
1062,Tatu,Warner Robins Demons PCK-HotL,3,2,60,14
1063,pyrrha93,London Ocelots,3,2,66,14
1064,dayveeed,South Pacific Swordfish,3,2,67,9
1065,MRanz,Feasterville Tigers,3,2,70,16
1066,RoutineFly,Sioux City Sues,3,2,71,26
1067,Franchy2,Alabama Swamp Skeeters,3,2,73,11
1068,Tracerbullet,Osea Razgriz,3,3,104,13
1069,asr37,Little Rock Stars,3,3,105,13
1070,bmaahs1,Tampa Cubbies TTC,3,3,118,16
1071,stuindayton,Little River Gold Sox,3,3,120,16
1072,Phoenix6767,Winnipeg Goldeyes,3,3,122,9
1073,djsubroc,Boston Black Sox,3,3,134,32
1074,gusmccoy,Mother McCree's Uptown Jug Champions,3,3,151,15
1075,Ryno9_3rd,Brownsville Skidmarks,3,3,178,30
1076,Tames97,Bethany Bulldogs,3,4,137,21
1077,Jhud66,Sandlot Sluggers,3,4,140,25
1078,jayklayman,Saba Mackerels,3,4,146,14
1079,cooliofan27,ANgeles GIrlypops,3,4,169,10
1080,annoyedcustomer,Old Bridge Tycoons,3,4,171,11
1081,xx420yoloswag,Falador Rioters Dscim,3,4,177,14
1082,HitAndRun27,Orange County Crush,3,5,161,18
1083,BLAAAKE08,New York Spankees,3,5,166,20
1084,kennyk442,Arlington Air Hogs,3,5,189,15
1085,jcookusm14,Glendale Eagles,3,5,211,10
1086,PrenSion,Seoul PrenSion,3,5,347,16
1087,rwd072059,Dothan Peanuts,3,6,189,17
1088,Sulha,Anyang Baekho,3,6,271,19
1089,trotrains,Austin Vaqueros,3,7,258,12
1090,engineno9,Shoreville Wolfpack,3,9,842,27
1091,thatmobguy,Florida Storm Kings,3,10,395,23
1092,Veste,Roaming Tortoises,3,14,641,18
1093,viksly,Anglewood Anglers Glers,2,2,44,17
1094,SushiMcMochi,Low Diamond Phillips,2,2,51,25
1095,rebjr921,Boston Wild Dogs,2,2,82,23
1096,Dreamfrog22,Ramsey Paces,2,3,100,23
1097,StGAdam,Dallas DFWs,2,3,101,26
1098,demfrostytoes,Dallas Pirates,2,3,114,20
1099,Davklotz,Crispy Mountain Mornings,2,3,149,19
1100,dhuckle,Muskoka Red Squirrels,2,3,154,19
1101,DA186,Clarkston Cougars,2,3,193,46
1102,TheCharm,The Way We Became The Brady Bunch TTC,2,4,161,19
1103,DBlockDragon,Lapblock Dragonhounds PCK,2,4,241,20
1104,Fable,Champaign Cornbelters,2,5,186,20
1105,nightsong,Indo Nightsongs,2,5,205,18
1106,hockeywhitey,Lone Tree Lumberjacks,2,5,231,21
1107,wishesgranrd,Greendale Human Beings,2,5,244,23
1108,ariko65,El Dorado Aztecs,2,6,217,26
1109,frodocmg,Las Vegas Aviators,2,6,297,29
1110,asexton65,Toneslough Hamiltonians,2,6,366,22
1111,kimhzip,Texas Dolphins Dolphins,2,7,363,20
1112,rtoro6,Gastonia Peaches,2,8,461,27
1113,frogboutique,Longmont Catboys,2,8,485,22
1114,jsayer7,Cape Cod Sharks - HotL,2,9,408,20
1115,tdavis92017,San Diego Billie Goats,2,12,644,20
1116,BigMuggsyBulldogs,Miami Big Muggsy,2,14,670,24
1117,Doctor_Gonzo,Salty Hall Monitors TBD,1,1,17,17
1118,TidyRighties,Possum Ridge Southpaws TTC,1,1,18,18
1119,coffeyfiend,Rodeo City Wildcats,1,1,20,20
1120,dlarsentx,Temple Texans,1,1,20,20
1121,major3654,Montral Expos,1,1,20,20
1122,DNX,North Dakota Fighting Sioux,1,1,21,21
1123,DOMSHOMIT,Tokyo Blazeguard,1,1,21,21
1124,Strifeknot,Wokingham Night Shift,1,1,21,21
1125,dmbronski,Port Townsend Wild Daphnes,1,1,21,21
1126,Joshography,- I GOT YOUR SIX - - IGY6 -,1,1,22,22
1127,tecz,Mammoth Moguls,1,1,22,22
1128,BobbyWadd,Hades Heat,1,1,23,23
1129,Ekim2410,Earthly Aliens,1,1,24,24
1130,kglw,Bay View Blaze,1,1,25,25
1131,Prasino,Hellas Hellas,1,1,26,26
1132,tommcaudillo,The Black Freighter TBD,1,1,26,26
1133,Hambone513,Sunderland Rokerman,1,1,27,27
1134,Moankeymage,New Orleans Voo Doo,1,1,28,28
1135,admanct,New York Baltimore Orioles,1,1,28,28
1136,sfjpck,Olney Islanders,1,1,28,28
1137,MMCOLDAGAIN,City Hospital Doctors,1,1,29,29
1138,Yagsi,Kirkwood Pioneers,1,1,30,30
1139,matsustrak1,Manila Thrillas,1,1,30,30
1140,ratracerunner,Boston Marathoners,1,1,30,30
1141,hossrulz,Compton Chronic,1,1,31,31
1142,xiayun2024,NorCal CGE,1,1,31,31
1143,gidsmoose,Gowanus Canaliers,1,1,32,32
1144,jabroo1228,Clearwater Phillies,1,1,32,32
1145,warthog79,Santa Cruz Switch,1,1,32,32
1146,frosty000,London WereWovles,1,1,47,47
1147,paochs,The Lou Blues,1,1,47,47
1148,bken,Highland Horned Frogs,1,1,49,49
1149,csnay,Connecticut Astronomers,1,2,62,17
1150,Fanofvan,Sydney Viv Dogs,1,2,62,28
1151,percyderolo,Whitestone Gunslingers,1,2,69,31
1152,jsitko1,Belmont Biscuits,1,2,71,29
1153,ChrisAivaliotis,Frisco RoughRiders,1,2,71,31
1154,THOFF41,Egregiously Egregious,1,2,72,19
1155,GBpack4008,Denver Bartlets,1,2,72,30
1156,naesc76,Burlington Baboons,1,2,73,17
1157,Steadyexpensive,Green Mountain Maple Bombers,1,2,74,19
1158,BLKush,Kushville Knights,1,2,79,17
1159,flyer48,St. Charles Aces,1,2,80,22
1160,lightmoon,Spite Store Hoot Owls,1,2,80,24
1161,Hyphen,Hutchinson Kings,1,2,84,28
1162,lcale99,Hannibal Pirates,1,2,84,28
1163,Sniff,Charleston Walruses,1,2,85,33
1164,Rumps,Marz Martian,1,2,94,30
1165,douglasfaulkner65,Warner Robins Demons,1,2,96,37
1166,therichlenshow,Possum Lodge Men,1,2,105,31
1167,Ryanmad1,Six Nations Chiefs,1,2,120,56
1168,RetiredBanker3,Mimico Marauders,1,2,126,24
1169,GVZ3,Unknown Comics TTC,1,2,130,42
1170,kris024,Trenton Eclipse,1,2,133,27
1171,beep,Beep Boomers,1,2,140,24
1172,7theaven,Ft. Wayne Rage,1,3,119,30
1173,Dugbark,Louisville Bourbons,1,3,124,31
1174,immortalbortle,Knoxville Bungholes,1,3,127,17
1175,bobhill32,Lakenheath Mud Puppies,1,3,130,22
1176,twipperby,Ypsi Pilots,1,3,132,22
1177,Dabeaux,Soda City Cottonmouths,1,3,133,34
1178,bryan_05,Illinois Herbicide Drift,1,3,137,27
1179,BillPitt-PCK,Bethlehem Iron Packers PCK,1,3,138,32
1180,xXPooSnakeXx,Portland Franks,1,3,139,24
1181,pttp,New York Walruses,1,3,142,26
1182,StevenLuker,Palm Springs Angels,1,3,142,31
1183,brrrdt1,Somerset Dolphins,1,3,146,28
1184,CTBiggums,Atlanta Thrashers,1,3,154,18
1185,bbbenson,nevata firedagons,1,3,154,31
1186,lordcrazy,Kansas City All Juice Team,1,3,155,31
1187,jclay31797,West Virginia Black Bears,1,3,160,32
1188,likelyapril,Seattle Seattle,1,3,165,46
1189,bgrima47,Valletta Knights,1,3,168,18
1190,jrgst3,Maui Magic,1,3,285,47
1191,sageentprez,Chucktown Triplets,1,4,142,18
1192,Nicole3Cahill,Florida Marlins,1,4,157,20
1193,Boogyman10,Columbus Sudowoodos,1,4,159,25
1194,JQJr,Salt Lake Stormin' Mormons PCK,1,4,163,18
1195,selmes12,Jager Meisters,1,4,206,18
1196,Mxi,Seattle Mariners,1,4,214,19
1197,Norejus,Lovecraft City Werewolves,1,4,263,35
1198,FrankChance,Skandia Truss,1,4,317,37
1199,giantsfan,Grand Prairie Dust Devils,1,5,246,32
1200,statsmonger,Punxsutawney Deja VU,1,5,249,31
1201,PBiculous,Austin Slackers,1,5,263,22
1202,goteamgo,Seattle Pilots,1,5,275,43
1203,usong02,Busan Lotte Giants,1,5,277,35
1204,setzer42,Idaho Spuds,1,6,259,24
1205,Satior420,Mars Attacks,1,6,285,23
1206,toadvine,Screwston Blastros,1,6,289,24
1207,flagstaffrocks,Flagstaff Foresters,1,6,309,23
1208,Wallad89,Jefferson Privateers,1,6,309,27
1209,clammydankstank,Oildale Hounds,1,6,323,28
1210,astory2go,Rock County Stratocasters,1,6,332,17
1211,scott3161,Daegu Oldpaper,1,7,320,31
1212,Boom-Boom,Anchorage Sky Hawks,1,7,465,33
1213,bobbaroo814,Petosky Penny Whistlers PCK,1,11,540,20
1214,mrogner,Chico Heat BFF,0,1,33,33
1215,BretHart,Calgary Hitmen,0,1,34,34
1216,zevus,Tyler Trout,0,1,34,34
1217,CurlingSEA,Georgia (Tech) On My Mind,0,1,35,35
1218,mrlegend28,Miami Vice,0,1,35,35
1219,darkgryphon700,Saint Wendel Hermits,0,1,37,37
1220,CaseyP,Henerville Hippos,0,1,38,38
1221,Svech37,Raleigh Svechcanes,0,1,38,38
1222,rolen17,Wawa Cheesesteak Hoagies,0,1,38,38
1223,ziggmiceter,San Juan Coqui,0,1,38,38
1224,FoxHall,Orlando BountyHunters,0,1,39,39
1225,behlem,Brookings Bruins,0,1,39,39
1226,yodaslayer24,No money spent 100 completion,0,1,39,39
1227,Greggylad15,Southampton Sox,0,1,40,40
1228,Omglink,Ashland Arrows,0,1,40,40
1229,drdynastic,Red Rock Live TTC,0,1,41,41
1230,Djrose41,Los Angeles Centaurs,0,1,42,42
1231,mpatt75,Northern Michigan Large Bridges,0,1,42,42
1232,LMTShawn,Cleveland Crunch,0,1,43,43
1233,Thompao10,Las Vegas Expos,0,1,43,43
1234,hmbutter49,Half Moon Bay Locs,0,1,44,44
1235,R0cketer1,Boston Studs or Duds,0,1,46,46
1236,bdbk85,Columbus Crimson,0,1,46,46
1237,Lazygs,Hazlet Hellhounds,0,1,47,47
1238,KCRoyals,Alabama Storm Chasers,0,1,48,48
1239,adamhansolo,Moon Men,0,1,50,50
1240,tailgtr24,Davenport River Rats,0,1,50,50
1241,ForbiddenZone,Bologna Towers,0,1,51,51
1242,Panathinaikos,Panathinaikos PAO,0,1,52,52
1243,koosack3,Sutcliffe Trailer Parks,0,1,52,52
1244,Doctor,Green Dirigibles,0,1,53,53
1245,kwinside,Busan Giants,0,1,53,53
1246,Blutester1959,Taylor Street Lappers,0,1,54,54
1247,paavoharju,Sorocaba Catfish,0,1,54,54
1248,Plochmj,Walworth County Townies,0,1,55,55
1249,TMAC27,Yuba Macs,0,1,55,55
1250,baifeng24,Kansas City Red Raiders,0,1,55,55
1251,jaj73,Longview Storm,0,1,55,55
1252,Floyd_Hopkins,Honolulu Fu Manchu,0,1,56,56
1253,Jonesy_11,Calgary Vipers,0,1,56,56
1254,Willett_K_23,Racine Belles,0,1,56,56
1255,cokezorro,Tuscon Aggies,0,1,56,56
1256,dave02903,Jupiter Astro,0,1,56,56
1257,foxtrotunicorn,Central Park Space Cows,0,1,57,57
1258,scoufield4k,Bila Tserkva Hunters,0,1,57,57
1259,DarthSull,San Diego Sith Lords,0,1,58,58
1260,jafrawr,Twinsburg Tigers,0,1,58,58
1261,juicemoya,San Francisco Mouth Pounders,0,1,58,58
1262,Nv9,Las Vegaas Wild Riders,0,1,59,59
1263,Snatit9,Nashville Studs,0,1,59,59
1264,frostingfork,Southside Popes,0,1,59,59
1265,Bravos332,Atlanta PeachKings,0,1,60,60
1266,Edezaris,New York Knights,0,1,60,60
1267,MiracleLeagueOttawa,Luskville River Bats,0,1,60,60
1268,bucknasty23,Erie Gorillas,0,1,60,60
1269,1722wschamps,God Is Love Jesus Is King,0,1,61,61
1270,NZBreaks,Careless Whispers Whispers,0,1,61,61
1271,sw311234,Niagara Falls Knickerbockers,0,1,61,61
1272,EnviroBen,Irkutsk White Wolves,0,1,62,62
1273,Jfthethird,Toledo Red Storm,0,1,62,62
1274,mppavese,Las Vegas Gamblers,0,1,62,62
1275,rookee,Thunder Bay Border Cats,0,1,63,63
1276,LongIslandPsyducks,Long Island Psyducks,0,1,64,64
1277,TastyKnight,Chandler Comets,0,1,69,69
1278,ajstipcak,Indiana Ice Miners,0,1,71,71
1279,Dbsilber,Santa Monica Vikings,0,1,82,82
1280,werbenmanjensen1,Freedom Grabbers - HOTL,0,1,82,82
1281,Broadstlegends,Gettysburg Federals,0,1,89,89
1282,bizniff1231,Royal Caribbeans,0,1,97,97
1283,TheDon465,Baconville AirHogs,0,1,98,98
1284,ZaeK47,Phoenix Wardens,0,1,101,101
1285,Reichenbach,Jacksoville Trash Haulers,0,1,110,110
1286,joeyflam,Palo Alto Hawks,0,1,113,113
1287,swanman911,Richmond Tigers,0,1,117,117
1288,Blazeswim,Crown Point Corn Dogs,0,1,120,120
1289,JDion20,Parkhurst Piranhas,0,1,126,126
1290,MattyGVT,West Palm Sharks,0,1,127,127
1291,lexmoose,Blanton Bourbons,0,2,67,33
1292,dukeston1,Dukes Dodgers,0,2,72,33
1293,mcmiller999,Hagerstown Hellgramites,0,2,76,38
1294,cryptokurt,Bitcoin City Bulls,0,2,80,38
1295,ICE_MAN,Hammer's Rabbid Squirrels,0,2,82,36
1296,larrupin_lous,Magic Jeannis,0,2,83,39
1297,The_K_Man,Aumsville Abyss,0,2,92,38
1298,onrisque,Angry Chihuahuas,0,2,94,45
1299,krashl007,Detroit Sultans of Swing,0,2,103,41
1300,ootp2026,SSG Landers,0,2,103,46
1301,JeffersonJim,Topeka Tootsie Rolls,0,2,103,51
1302,thatllhappen,Vista Views,0,2,104,43
1303,wwonkas,Oregon Coast Exploding Whales,0,2,109,54
1304,angelsplayer27,Sacramento Gunners,0,2,110,53
1305,Tukanguha,Golden Sombreros PCK,0,2,123,60
1306,bphilb1,Lyman Greyhounds,0,2,125,62
1307,cakh5050,China ICBMs,0,2,133,52
1308,coll345,Mickey Mankeys2,0,2,142,43
1309,bilt12,JN Cardinals,0,2,155,62
1310,PeskyPole,Hetfield Sandmans,0,2,155,75
1311,jmodendhal,Berlin Blue Crabs TBD,0,2,160,70
1312,tedomcfredo,San Marino Snappers,0,2,166,51
1313,joecarter1,Windsor Liberty,0,2,174,58
1314,FiveOhhh,Manchester Mountaineers,0,2,182,61
1315,artierose59,Long Island Dolphins,0,3,115,33
1316,tay_cummins,Boulder Buffs,0,3,142,39
1317,Saintleo14,Tampa Rattlers,0,3,148,41
1318,KoaDaBoa808,Honolulu Warriors,0,3,156,40
1319,DJL,Downsview Dragons,0,3,164,46
1320,jfoll273,iLLadelphia Angels,0,3,178,56
1321,moosehaas,Brooklyn Prison Ship Martyrs,0,3,180,33
1322,Quickserviceman,Samsung Lions,0,3,182,33
1323,k1nga1obar,Brooklyn Sunbirds,0,3,183,60
1324,chrisb,Ventura Waves PCK,0,3,184,60
1325,stephen173,Sherbrooke Jaspers,0,3,188,61
1326,yelich4mvp,Racine Tardigrades,0,3,189,62
1327,Crimson,Mississauga Maple Trees,0,3,288,85
1328,bfarrell16,St. Louis Stars,0,4,192,37
1329,KZIKilla,Evergreen Elven Elk,0,4,202,38
1330,stoli314,Charleston Dirty Birds,0,4,209,39
1331,WeAreMarshall,Marshall M.I.C.E.,0,4,211,41
1332,usmc7789,Yonkers DevilDogNutGrinders,0,4,251,62
1333,skipplespiff,Manhattan Stoats,0,5,239,35
1334,savtipp,Motown Cubbies,0,5,270,43
1335,Evno,Tyler Thumbsmashers,0,5,278,36
1336,mdd31,Las Vegas Outlaws,0,5,288,35
1337,tama,Houston Skeeters,0,5,288,37
1338,Saigaman,Portland Beaver's,0,5,307,57
1339,PeterDragon,D'Town Hillside Rams,0,5,522,90
1340,bryce_harper_3,Chicago Commies,0,7,324,34
1341,doublea1751,Kickback Kings,0,7,364,36
