POS,Name,B,T,BA vL,GAP vL,POW vL,EYE vL,K vL,BA vR,GAP vR,POW vR,EYE vR,K vR,STU vL,CON vL,PBABIP vL,HRA vL,STU vR,CON vR,PBABIP vR,HRA vR,STM,C ABI,C FRM,C ARM,IF RNG,IF ERR,IF ARM,TDP,OF RNG,OF ERR,OF ARM,DEF,SPE,STE,SR,RUN,CVAL,REL,L10,BUY,VAR
C,Samuel Basallo,Left,Right,86,87,114,96,97,97,91,126,100,104,1,3,63,1,1,4,87,1,1,62,64,110,27,37,51,15,35,43,52,79,5,11,10,33,100,03/20/2026,50 275,34 444,N
SP,Kevin Brown,Right,Right,8,19,5,43,24,7,31,3,34,15,83,117,127,131,90,120,121,121,94,-,-,-,35,20,25,22,10,3,3,64,6,6,5,7,100,05/14/2026,74 319,57 600,N
C,Roy Campanella,Right,Right,128,125,140,82,113,108,106,133,79,98,1,1,1,6,1,1,1,6,1,94,92,114,10,4,8,4,8,8,5,118,12,9,13,29,100,03/13/2026,90 031,0,Y
SP,Whitey Ford,Left,Left,10,32,2,50,16,8,30,5,62,31,130,113,131,119,107,95,103,118,97,-,-,-,27,27,27,27,1,8,3,62,13,11,7,18,100,04/23/2026,69 546,55 555,N
SS,Konnor Griffin,Right,Right,124,110,122,104,111,119,99,110,98,103,1,11,79,1,1,12,80,1,20,1,1,1,109,95,108,98,85,112,97,118,120,105,88,114,100,04/02/2026,58 550,58 275,N
SP,Josh Johnson,Left,Right,4,3,1,7,1,1,7,1,6,4,129,88,104,130,133,140,93,145,72,-,-,-,27,38,29,23,2,10,4,74,5,6,5,5,100,07/16/2026,107 330,49 000,N
SP,Cliff Lee,Left,Left,6,18,27,7,5,12,17,14,15,11,109,150,115,119,132,121,89,118,84,-,-,-,24,14,20,23,1,3,5,45,55,67,54,50,100,06/04/2026,82 296,69 999,N
SS,Jesus Made,Switch,Right,117,126,98,131,111,120,132,103,126,106,1,5,75,1,1,8,76,1,9,2,-,2,106,66,95,96,77,75,54,100,118,113,105,115,100,05/15/2026,112 496,90 000,N
3B,Albert Pujols,Right,Right,95,88,130,118,101,130,118,128,95,108,1,1,1,1,1,1,1,1,1,-,-,-,66,52,72,39,62,48,66,57,53,11,20,59,100,04/09/2026,48 465,25 300,N
RF,Frank Robinson,Right,Right,121,118,99,136,130,115,113,136,95,111,1,1,1,1,1,1,1,1,1,-,-,-,60,45,78,54,107,113,96,134,71,102,83,85,100,05/28/2026,101 996,68 000,N
CF,Tris Speaker,Left,Left,112,92,115,75,105,130,93,117,86,138,1,1,1,4,1,1,1,4,1,-,-,-,4,6,3,4,113,89,99,127,97,103,91,103,100,03/13/2026,27 452,0,N
CL,Billy Wagner,Left,Left,1,3,1,3,1,2,3,1,3,1,153,68,175,150,150,84,130,121,14,-,-,-,29,20,24,23,3,5,3,57,10,6,4,15,100,06/18/2026,74 352,40 000,N
LF,Garret Anderson,Left,Left,112,125,87,44,105,108,134,111,61,115,1,1,1,1,1,1,1,1,1,-,-,-,6,7,5,9,103,120,111,137,44,56,33,36,99,04/22/2026,7 106,0,N
SP,R.A. Dickey,Right,Right,62,15,1,2,77,22,12,1,17,91,124,72,108,92,116,113,125,86,93,-,-,-,35,38,35,34,9,6,10,81,5,6,5,5,99,06/10/2026,63 947,0,N
RP,Tony Fossas,Left,Left,1,1,1,1,1,1,1,1,1,1,148,138,96,139,99,119,79,124,13,-,-,-,35,20,26,23,6,8,4,70,5,6,3,5,99,03/13/2026,38 235,0,Y
SP,Bob Friend,Right,Right,16,48,8,34,20,8,49,16,42,31,64,129,107,131,102,150,53,111,73,-,-,-,31,36,29,21,10,8,9,75,16,6,4,28,99,03/13/2026,4 728,0,N
1B,Paul Goldschmidt,Right,Right,165,58,135,146,74,130,93,120,158,86,1,1,1,1,1,1,1,1,1,-,-,-,84,74,66,62,9,2,10,101,65,98,69,78,99,07/16/2026,44 400,35 000,N
RF,Al Kaline,Right,Right,141,152,69,72,162,103,124,81,79,130,1,1,1,5,1,1,1,5,1,-,-,-,61,58,61,53,113,99,63,122,112,116,58,113,99,05/28/2026,17 568,10 016,N
RP,Cla Meredith,Right,Right,5,3,1,3,1,11,3,1,3,1,50,108,84,124,92,152,175,116,20,-,-,-,27,20,23,23,7,6,2,54,12,6,5,19,99,04/29/2026,22 386,4 001,N
SS,Honus Wagner,Right,Right,102,120,100,72,178,127,117,86,81,161,1,1,1,4,1,1,1,4,1,-,-,-,109,86,96,105,81,120,85,113,93,94,88,96,99,05/26/2026,28 109,17 500,N
LF,Yoenis Cespedes,Right,Right,140,132,126,52,82,134,136,120,49,85,1,1,1,5,1,1,1,5,1,-,-,-,10,6,10,7,94,82,103,126,102,8,7,106,98,03/19/2026,54 464,0,Y
RP,Joe Grzenda,Right,Left,2,3,1,3,1,2,3,1,3,1,119,150,105,150,88,65,92,128,62,-,-,-,30,20,24,23,1,5,9,59,7,6,4,10,98,03/13/2026,5 664,0,N
C,Aaron Robinson,Left,Right,117,123,126,155,87,94,73,136,123,77,1,1,1,5,1,1,1,5,1,65,54,88,9,2,8,9,4,5,2,72,15,6,8,6,98,03/13/2026,43 358,0,Y
SS,Trea Turner,Right,Right,99,86,127,84,119,93,87,140,91,110,1,1,1,7,1,1,1,7,1,-,-,-,94,105,75,92,4,3,2,106,120,55,50,121,98,03/19/2026,47 264,0,Y
RP,Jonny Venters,Left,Left,1,3,1,3,1,1,3,1,3,1,160,84,148,148,100,48,114,166,18,-,-,-,32,20,25,23,2,8,9,61,6,6,5,7,98,07/09/2026,25 552,22 222,N
SP,Jesse Petty,Right,Left,13,41,2,24,11,11,44,3,19,11,99,93,128,103,84,76,131,109,86,-,-,-,25,13,20,23,5,9,5,45,49,58,45,46,97,04/09/2026,4 696,4 001,N
SP,Trey Yesavage,Right,Right,18,9,6,11,19,14,9,6,11,19,136,64,105,114,132,65,84,114,69,1,1,1,25,27,28,29,55,41,49,61,23,15,27,23,97,05/01/2026,5 744,4 035,N
SP,Steve Carlton,Left,Left,35,67,34,56,16,39,84,36,37,30,137,76,97,141,145,81,103,114,86,-,-,-,29,24,25,22,4,1,10,66,5,6,5,5,96,04/23/2026,134 086,0,Y
SP,Connelly Early,Left,Left,18,15,4,20,22,18,15,4,20,22,89,103,90,114,89,105,82,113,75,1,1,1,12,19,10,8,4,4,4,30,14,19,12,9,96,03/27/2026,10 734,4 800,N
SS,Charlie Hollocher,Left,Right,133,84,8,64,165,118,96,51,85,177,1,1,1,3,1,1,1,3,1,-,-,-,93,106,81,90,9,1,6,100,84,67,86,95,96,03/13/2026,7 168,4 500,N
2B,JJ Wetherholt,Left,Right,121,106,73,107,121,140,124,80,122,143,1,1,73,1,1,1,93,1,1,1,1,1,76,81,71,83,62,72,55,96,82,103,66,86,96,03/27/2026,113 605,0,Y
1B,Zeke Bonura,Right,Right,82,90,92,78,111,104,66,97,73,115,1,1,1,1,1,1,2,1,1,-,-,-,43,56,37,66,4,6,8,71,40,58,18,85,95,03/13/2026,4 189,4 001,N
RF,Tony Conigliaro,Right,Right,96,72,128,69,82,99,98,133,86,77,1,1,1,1,1,1,1,1,1,-,-,-,8,3,8,7,67,57,84,79,67,28,41,93,95,04/30/2026,5 265,4 001,N
1B,Harry Davis,Right,Right,131,101,124,58,85,84,122,125,51,61,1,1,1,1,1,1,1,1,1,-,-,-,56,39,45,39,9,3,1,62,66,74,61,54,95,03/13/2026,4 170,4 001,N
CL,Andrew Bailey,Right,Right,14,3,1,3,1,11,3,1,3,1,117,82,156,77,132,99,121,125,21,-,-,-,27,20,23,23,8,1,1,55,10,6,3,15,94,04/29/2026,20 491,0,N
SP,Shane Bieber,Right,Right,1,3,1,3,1,1,3,1,2,1,147,71,95,81,131,83,100,88,75,-,-,-,28,22,24,23,5,10,10,58,6,6,4,7,94,04/09/2026,4 811,0,N
3B,Evan Longoria,Right,Right,96,150,107,105,80,91,114,115,101,72,1,1,1,1,1,1,1,1,1,-,-,-,120,84,112,72,5,7,5,123,33,86,24,53,94,07/16/2026,6 896,4 002,N
CF,Ryan Waldschmidt,Right,Right,97,99,136,145,77,91,91,133,145,70,1,1,84,1,1,1,85,1,1,1,1,1,37,44,49,36,91,100,64,98,81,92,73,88,94,05/09/2026,82 531,0,Y
2B,Jimmy Williams,Right,Right,109,133,31,81,91,97,108,77,98,96,1,1,1,2,1,1,1,2,1,-,-,-,72,61,68,73,8,6,7,76,82,78,67,72,94,03/13/2026,5 378,4 001,N
SP,Hugh Daily,Right,Right,78,68,4,69,68,77,67,4,67,58,133,98,68,96,130,97,66,99,100,-,-,-,58,44,73,63,54,82,59,104,59,84,92,58,93,04/30/2026,4 535,0,N
2B,Davey Lopes,Right,Right,100,87,116,79,88,100,74,83,128,82,1,1,1,7,1,1,1,7,1,-,-,-,66,65,57,63,74,85,61,68,115,112,104,117,93,04/09/2026,4 591,0,N
LF,Kyle Stowers,Left,Left,113,74,33,86,85,140,87,147,114,69,1,1,1,7,1,1,1,7,1,-,-,-,4,9,8,3,64,120,101,94,51,76,25,40,93,07/08/2026,40 933,40 933,N
SP,Bill Hallahan,Right,Left,37,67,37,64,5,22,64,24,65,11,116,59,153,100,118,54,74,110,72,-,-,-,27,13,21,24,2,4,4,47,19,9,7,29,92,03/13/2026,4 098,4 001,N
RF,Roy Johnson,Left,Right,68,89,87,86,83,86,87,84,90,100,1,1,1,7,1,1,2,7,1,-,-,-,5,2,2,10,74,44,101,92,62,68,71,59,92,03/13/2026,4 093,0,N
SP,Chase Burns,Right,Right,19,17,13,16,25,18,16,12,15,23,108,83,81,71,109,84,81,72,70,3,3,2,27,15,59,20,13,20,21,58,16,14,7,26,91,03/13/2026,4 442,0,N
SP,Dan Haren,Right,Right,47,75,16,37,32,31,110,31,37,30,108,88,162,72,100,118,86,77,73,-,-,-,30,45,33,23,10,6,3,80,8,6,4,28,91,03/13/2026,4 424,0,N
2B,Jeff Kent,Right,Right,101,119,46,114,88,92,120,82,70,94,1,1,1,1,1,1,1,1,1,-,-,-,73,76,57,87,7,3,1,86,55,47,44,60,91,03/13/2026,4 631,0,N
SS,Willie Wells,Right,Right,130,104,96,102,123,99,88,81,100,113,1,1,24,1,1,1,18,1,1,1,1,1,98,101,99,78,65,56,56,112,69,81,70,65,91,03/13/2026,37 826,0,Y
SP,Johnny Cueto,Right,Right,15,13,5,35,16,8,23,5,28,22,83,102,107,151,76,106,58,134,81,-,-,-,26,17,22,23,10,4,7,54,5,6,3,5,90,03/13/2026,14 081,0,Y
C,Mitch Garver,Right,Right,57,69,128,121,82,109,66,120,77,58,1,1,1,2,1,1,4,2,1,45,54,41,37,33,34,33,2,7,1,37,10,6,5,32,90,03/13/2026,4 146,0,N
RP,Buddy Groom,Left,Left,1,1,1,1,1,1,1,1,1,1,113,103,141,100,68,113,137,119,8,-,-,-,23,20,22,23,8,6,1,54,5,6,3,5,90,03/13/2026,16 779,0,Y
1B,Ryan Howard,Left,Left,134,58,142,89,36,120,67,163,170,54,1,1,1,7,1,1,1,7,1,-,-,-,29,18,22,18,2,9,1,47,8,6,5,8,90,07/16/2026,26 722,21 000,N
2B,Mark Loretta,Right,Right,130,67,66,122,188,125,120,66,69,169,1,1,1,3,1,1,1,3,1,-,-,-,79,98,56,115,5,1,8,109,36,46,33,45,90,07/08/2026,65 230,15 000,N
RF,George Selkirk,Left,Right,70,66,98,151,75,72,90,98,119,81,1,1,1,5,1,1,1,5,1,-,-,-,9,9,9,10,64,78,59,67,64,66,59,60,90,03/13/2026,4 122,0,N
SS,Orlando Cabrera,Right,Right,69,84,71,81,149,75,122,66,71,138,1,1,1,2,1,1,1,2,1,-,-,-,103,81,87,97,3,4,2,101,78,86,72,89,89,03/13/2026,1 159,1 001,N
RP,Brett Cecil,Right,Left,1,3,1,3,1,1,3,1,3,1,125,128,115,130,118,60,115,95,12,-,-,-,28,20,23,23,6,8,8,55,5,6,3,5,89,07/09/2026,36 895,20 000,N
CF,Steve Finley,Left,Left,112,72,24,66,90,112,100,66,78,133,1,1,1,1,1,1,1,1,1,-,-,-,9,9,7,3,101,97,107,112,116,114,106,109,89,05/14/2026,1 362,1 001,N
RP,Steve Hamilton,Left,Left,1,5,1,6,1,1,5,1,6,1,100,88,84,103,92,100,87,123,19,-,-,-,27,20,23,23,4,9,1,59,20,6,3,36,89,03/13/2026,5 810,0,Y
RP,Aaron Heilman,Right,Right,1,4,1,4,2,1,3,1,3,1,126,49,90,133,131,94,60,130,49,-,-,-,35,20,26,23,10,10,10,65,15,6,5,24,89,07/22/2026,11 899,7 500,N
CF,Al Simmons,Right,Right,123,107,104,54,122,84,156,121,76,90,1,1,1,4,1,1,1,4,1,-,-,-,3,3,6,9,68,72,52,57,57,73,41,64,89,03/13/2026,7 878,0,Y
1B,Luis Arraez,Left,Right,66,50,81,84,155,78,122,94,90,169,1,1,1,1,1,1,1,1,1,-,-,-,64,60,47,69,10,4,9,69,59,25,25,83,88,03/18/2026,6 691,1 200,N
RP,Tyler Clippard,Right,Right,14,36,2,20,9,14,36,2,19,9,89,51,104,100,130,70,106,107,17,-,-,-,27,20,23,23,2,10,3,55,16,6,5,28,88,03/13/2026,1 324,0,N
3B,Bob Elliott,Right,Right,54,80,102,148,102,67,81,110,147,96,1,1,1,1,1,1,1,1,1,-,-,-,61,62,74,35,9,3,4,64,50,54,42,47,88,03/13/2026,3 673,0,Y
RF,Brian Giles,Left,Left,87,94,41,139,100,82,99,74,153,126,1,1,1,1,1,1,1,1,1,-,-,-,4,4,2,2,52,74,55,53,65,70,43,59,88,04/01/2026,16 209,6 000,N
2B,Billy Herman,Right,Right,100,120,24,133,169,72,116,27,88,124,1,1,1,4,1,1,1,4,1,-,-,-,64,67,44,81,6,7,2,72,54,46,23,73,88,03/13/2026,1 350,0,N
1B,Howie Kendrick,Right,Right,117,104,86,54,117,88,92,82,62,123,1,1,1,2,1,1,1,2,1,-,-,-,42,64,37,43,4,9,5,65,21,27,22,39,88,03/13/2026,1 183,1 001,N
LF,Tony Phillips,Switch,Right,128,69,37,142,87,128,75,55,145,78,1,1,1,7,1,1,1,7,1,-,-,-,89,68,70,91,91,95,67,110,67,63,60,79,88,03/13/2026,1 454,0,N
SP,Hilton Smith,Right,Right,134,67,31,44,83,133,67,31,44,84,34,109,117,99,37,112,131,111,73,1,1,1,29,28,27,25,53,59,65,67,53,6,5,58,88,04/15/2026,21 727,3 000,N
CF,Clint Thomas,Right,Right,79,132,94,104,97,85,114,92,90,94,1,1,20,9,1,1,24,9,1,45,47,55,70,61,47,72,98,74,69,105,78,78,87,68,88,03/13/2026,4 330,0,Y
SP,MacKenzie Gore,Left,Left,27,32,9,18,20,27,32,9,18,20,99,71,78,81,101,72,77,79,70,10,10,2,25,61,59,34,3,3,3,89,23,21,15,33,87,03/13/2026,1 022,0,N
SP,Bill Holland,Switch,Right,21,44,2,73,62,21,44,2,73,62,80,87,88,79,79,87,86,78,77,53,53,53,29,30,28,25,72,59,59,68,16,6,4,28,87,03/13/2026,1 249,0,N
2B,Carlos Baerga,Switch,Right,114,55,92,35,120,114,97,106,75,124,1,1,1,4,1,1,1,4,1,-,-,-,90,39,69,89,1,4,2,96,68,86,61,105,86,06/09/2026,26 727,0,Y
3B,Eric Chavez,Left,Right,78,71,90,56,73,84,156,131,74,91,1,1,1,4,1,1,1,4,1,-,-,-,114,99,117,49,7,7,4,127,52,87,37,93,86,07/15/2026,14 088,6 000,N
LF,Bob Fothergill,Right,Right,140,106,104,79,123,147,109,70,66,115,1,1,1,4,1,1,1,4,1,-,-,-,6,1,2,9,72,39,24,74,60,57,69,53,86,04/09/2026,22 368,0,Y
LF,Carlos May,Left,Right,115,59,35,120,98,110,95,70,125,93,1,1,1,2,1,1,1,2,1,-,-,-,28,17,25,31,41,78,89,57,56,86,83,59,86,05/06/2026,1 321,0,N
RP,Jonathan Broxton,Right,Right,10,3,1,4,1,12,3,1,4,1,126,55,77,86,129,78,99,104,19,-,-,-,30,20,24,23,6,9,3,58,5,6,4,6,85,05/07/2026,1 155,1 001,N
SP,Dock Ellis,Switch,Right,62,15,1,28,10,57,40,1,17,20,70,77,140,146,79,69,136,131,88,-,-,-,27,25,25,25,2,8,8,60,43,76,41,27,85,06/11/2026,2 536,1 001,N
RP,Tug McGraw,Right,Left,2,3,1,3,2,2,2,1,3,2,58,100,69,159,94,83,65,130,23,-,-,-,32,13,22,23,2,6,2,53,5,6,3,5,85,03/13/2026,2 043,1 001,N
RF,Albie Pearson,Left,Left,103,43,31,172,120,101,94,59,202,140,1,1,1,9,1,1,1,9,1,-,-,-,1,8,9,6,78,45,74,89,62,83,39,116,85,05/28/2026,25 563,0,Y
1B,Pete Alonso,Right,Right,79,92,113,96,70,83,88,110,92,70,1,1,73,1,1,1,76,1,1,1,1,1,31,40,53,46,38,40,49,65,12,11,4,40,84,03/13/2026,1 104,0,N
CF,Lorenzo Cain,Right,Right,135,124,87,65,104,122,77,54,61,92,1,1,1,1,1,1,1,1,1,-,-,-,7,9,5,2,116,57,49,118,112,102,83,113,84,03/13/2026,1 181,0,N
CF,Ken Griffey Jr.,Left,Left,125,66,88,94,70,119,90,99,99,92,1,1,1,5,1,1,1,5,1,-,-,-,8,8,4,6,102,90,122,116,44,78,63,65,84,06/18/2026,2 093,1 375,N
C,Frankie Hayes,Right,Right,117,100,85,148,63,85,50,90,100,69,1,1,1,5,1,1,1,5,1,61,63,39,37,37,34,30,3,7,4,49,50,72,45,40,84,05/07/2026,1 133,0,N
2B,Ben Zobrist,Switch,Right,114,149,13,155,153,60,113,88,152,151,1,1,1,1,1,1,1,1,1,-,-,-,64,100,60,62,67,59,46,84,61,29,32,48,84,05/12/2026,28 390,0,Y
SS,Ernie Banks,Right,Right,75,74,153,96,120,83,82,113,89,98,1,1,1,7,1,1,1,7,1,-,-,-,110,93,88,72,72,89,74,113,34,9,14,38,83,05/28/2026,46 205,0,Y
CL,Tom Burgmeier,Left,Left,14,3,1,38,18,8,30,1,15,29,91,111,127,149,65,103,75,118,24,-,-,-,35,38,46,65,48,61,61,84,6,6,3,8,83,04/29/2026,6 500,0,N
SS,Zack Cozart,Right,Right,122,108,112,114,112,95,71,99,115,98,1,1,1,2,1,1,1,2,1,-,-,-,102,63,84,112,5,1,10,97,56,66,34,52,83,07/08/2026,45 551,0,N
2B,Rogers Hornsby,Right,Right,115,154,85,141,78,82,135,90,133,110,1,1,1,1,1,1,1,1,1,-,-,-,82,37,73,56,7,7,7,71,46,11,15,51,83,06/04/2026,6 050,3 500,N
SP,Bob Knepper,Left,Left,6,44,4,58,13,7,62,3,44,16,84,77,82,126,65,73,100,84,85,-,-,-,24,21,23,25,5,2,10,52,5,6,4,5,83,03/13/2026,1 360,1 001,N
SP,Mike McCormick,Left,Left,33,62,54,51,24,31,40,43,60,28,89,88,99,79,65,101,90,68,63,-,-,-,35,46,36,28,6,5,9,84,8,6,3,28,83,03/13/2026,1 217,1 001,N
C,Dave Nilsson,Left,Right,77,58,91,93,51,89,83,96,95,92,1,1,1,2,1,1,1,2,1,72,52,39,63,53,57,66,58,56,48,49,30,14,17,28,83,03/13/2026,1 099,1 001,N
SS,Billy Shindle,Right,Right,96,81,91,41,120,88,76,84,33,114,1,1,1,1,1,1,1,1,1,-,-,-,83,28,89,99,1,4,7,68,92,92,86,95,83,03/13/2026,1 138,0,N
2B,Tommy Troy,Right,Right,120,110,80,147,79,98,96,74,130,73,1,1,74,1,1,1,75,1,1,1,1,3,76,77,56,72,75,65,48,84,93,99,69,88,83,05/29/2026,1 295,1 001,N
SS,Robin Yount,Right,Right,79,122,88,90,102,89,118,101,68,109,1,1,1,7,1,1,1,7,1,-,-,-,102,70,90,96,5,2,9,97,73,76,53,86,83,04/23/2026,1 109,0,N
SP,Tiny Bonham,Right,Right,8,10,2,16,12,8,20,3,31,16,70,169,114,60,55,176,115,75,90,-,-,-,24,30,25,23,6,10,2,61,5,6,3,6,82,05/21/2026,1 129,0,N
SP,Wally Bunker,Right,Right,3,30,1,30,4,1,15,1,15,5,36,74,203,86,55,66,86,109,83,-,-,-,25,37,28,23,10,8,6,71,16,6,4,27,82,03/13/2026,1 327,1 001,N
CF,Mike Cameron,Right,Right,114,78,108,128,58,66,77,100,91,42,1,1,1,1,1,1,1,1,1,-,-,-,5,9,9,6,105,119,58,112,92,86,72,102,82,05/14/2026,2 018,1 615,N
1B,John Jaha,Right,Right,124,63,122,136,59,68,57,111,124,53,1,1,2,5,1,1,1,5,1,-,-,-,42,36,36,31,5,5,2,65,8,16,5,22,82,03/13/2026,1 155,0,N
SS,Jhonny Peralta,Right,Right,96,77,105,114,56,99,104,86,77,55,1,1,1,1,1,1,1,1,1,-,-,-,66,57,90,83,5,4,6,62,39,8,18,61,82,03/13/2026,1 077,0,N
SP,Robert Poindexter,Right,Right,51,64,60,45,41,50,63,59,44,39,85,73,85,77,87,74,88,79,71,1,1,1,29,26,26,23,45,56,56,64,8,6,5,28,82,03/13/2026,1 186,0,N
C,Matt Wieters,Switch,Right,129,78,118,115,67,88,62,80,78,112,1,1,1,2,1,1,1,2,1,122,102,118,10,6,3,2,7,6,10,130,14,6,3,14,82,05/05/2026,42 883,10 000,N
CL,Norm Charlton,Switch,Left,2,5,1,3,1,2,5,1,3,1,94,50,143,111,120,55,116,94,20,-,-,-,30,20,24,23,5,3,10,58,9,6,4,14,81,06/11/2026,1 185,0,N
SP,Matt Garza,Right,Right,8,9,1,4,2,4,4,1,9,4,120,84,52,127,111,63,74,119,72,-,-,-,23,13,19,23,3,3,4,42,13,6,4,21,81,07/15/2026,4 214,1 001,N
SS,Lyn Lary,Right,Right,76,99,78,126,99,62,88,61,116,92,1,1,1,5,1,1,1,5,1,-,-,-,85,80,82,78,5,9,4,81,68,82,71,63,81,03/13/2026,1 891,0,N
RP,Hideki Okajima,Left,Left,1,2,1,2,1,1,3,1,3,1,84,72,111,78,84,90,118,75,18,-,-,-,35,20,26,23,9,7,7,65,9,6,4,13,81,03/13/2026,1 112,1 001,N
SP,Landen Roupp,Right,Right,21,23,13,14,23,21,23,13,14,23,83,66,74,90,97,71,75,99,65,3,3,1,42,42,42,15,40,42,41,86,35,24,37,43,81,03/13/2026,1 110,0,N
SP,Carlos Carrasco,Right,Right,2,3,1,3,1,2,2,1,3,1,90,69,68,63,94,87,73,79,71,-,-,-,27,26,25,23,10,9,1,61,10,6,3,17,80,03/13/2026,1 080,1 001,N
SP,Foster Griffin,Right,Left,18,16,8,29,16,16,16,7,27,15,91,92,101,66,89,91,96,64,73,1,1,1,29,15,63,16,10,31,26,61,16,18,7,24,80,03/13/2026,1 225,0,N
SP,Ad Lankford,Right,Right,33,35,2,36,14,32,34,2,36,13,77,76,101,80,75,75,92,79,81,1,1,1,29,20,24,23,72,59,59,57,18,12,3,29,80,03/13/2026,1 187,0,N
SP,Al Leiter,Left,Left,3,32,3,16,10,6,17,3,31,11,94,79,57,78,84,68,100,78,77,-,-,-,35,26,29,27,1,8,4,72,7,6,4,9,80,03/13/2026,1 821,1 111,N
SP,Freddy Peralta,Right,Right,23,13,10,30,17,23,13,10,30,17,95,74,87,69,96,74,88,70,71,2,2,2,22,17,43,12,14,24,27,50,20,15,11,36,80,03/13/2026,1 108,0,N
C,Jeferson Quero,Right,Right,69,75,86,125,86,63,68,117,103,80,1,4,82,1,1,1,85,1,1,98,102,78,17,25,43,12,16,18,32,109,8,16,15,34,80,05/23/2026,6 643,0,Y
SP,Shane Smith,Right,Right,20,19,24,23,20,19,18,22,21,18,75,71,86,76,79,72,89,79,57,1,1,1,31,28,55,22,29,29,34,75,17,17,18,15,80,03/13/2026,1 024,0,N
RP,Fernando Abad,Left,Left,1,3,1,3,1,1,3,1,3,1,79,70,143,72,76,75,145,72,16,-,-,-,29,20,24,23,3,10,6,57,5,6,5,6,79,03/13/2026,107,0,N
SS,Woodie Held,Right,Right,131,98,122,101,60,92,80,92,105,55,1,1,1,7,1,1,1,7,1,-,-,-,96,55,84,84,57,69,63,82,29,6,3,25,79,05/27/2026,16 439,4 600,N
CF,Andruw Jones,Right,Right,92,90,84,130,77,90,95,88,113,90,1,1,1,3,1,1,2,3,1,-,-,-,5,10,2,4,120,67,122,139,106,98,80,117,79,07/22/2026,0,500,N
SP,Bobby Shantz,Right,Left,16,54,4,57,39,29,77,6,46,38,108,142,55,87,81,98,103,66,95,-,-,-,28,44,37,41,1,7,6,86,63,50,69,67,79,03/13/2026,3 009,0,Y
SS,Ozzie Smith,Switch,Right,91,100,34,86,164,71,86,28,86,178,1,1,1,6,1,1,1,6,1,-,-,-,115,83,100,89,9,2,1,121,102,98,69,104,79,06/09/2026,67 477,0,Y
SP,Julio Teheran,Right,Right,7,13,1,23,12,7,9,4,13,11,60,98,136,98,63,94,139,98,76,-,-,-,35,65,41,23,9,9,6,101,5,6,5,5,79,03/19/2026,59 818,0,Y
SP,Zack Wheeler,Left,Right,8,5,1,3,3,5,11,1,7,6,98,60,71,106,90,92,116,118,76,-,-,-,28,35,28,23,8,6,8,71,8,6,5,11,79,07/21/2026,2 380,588,N
2B,Javier Baez,Right,Right,98,128,88,45,93,104,114,77,41,87,1,1,1,5,1,1,1,5,1,-,-,-,104,67,81,104,6,9,1,117,79,87,45,94,78,03/18/2026,7 810,2 000,N
SP,Chad Billingsley,Right,Right,13,5,1,21,4,16,10,1,11,5,98,59,60,125,130,95,78,90,74,-,-,-,25,20,22,23,2,4,1,52,5,6,4,5,78,07/21/2026,2 338,620,N
1B,Mark Carreon,Right,Left,77,64,81,39,158,77,85,98,50,102,1,1,1,3,1,1,1,3,1,-,-,-,55,68,54,39,51,47,57,76,8,6,8,26,78,03/13/2026,149,101,N
1B,Will Clark,Left,Left,123,140,26,75,85,131,60,82,143,93,1,1,1,1,1,1,1,1,1,-,-,-,54,28,34,56,4,7,1,72,52,76,18,69,78,06/23/2026,9 586,0,Y
RF,Avisail Garcia,Right,Right,138,92,45,56,92,98,73,87,59,79,1,1,1,1,1,1,1,1,1,-,-,-,4,9,3,9,68,47,102,86,53,67,43,52,78,03/13/2026,107,0,N
SP,Harry Salmon,Left,Right,37,56,2,43,34,38,57,3,44,35,66,103,74,76,69,104,82,78,69,1,1,1,29,23,26,25,72,59,59,61,37,11,4,29,78,03/13/2026,127,0,N
RF,Ruben Sierra,Switch,Right,122,133,120,50,111,92,126,115,50,74,1,1,1,1,1,1,1,1,1,-,-,-,7,3,2,1,69,43,93,83,69,80,39,71,78,07/16/2026,1 182,555,N
2B,Junior Spivey,Right,Right,99,87,104,138,114,133,104,60,90,78,1,1,1,7,1,1,1,7,1,-,-,-,103,52,48,54,4,1,5,92,78,66,51,88,78,07/10/2026,23 180,30 000,N
3B,Justin Turner,Right,Right,68,64,110,108,123,97,65,92,99,119,21,49,21,33,25,50,15,32,17,-,-,-,83,46,64,38,4,3,5,62,10,16,10,24,78,04/30/2026,29 181,0,Y
CF,Andre Dawson,Right,Right,112,85,114,52,92,89,92,96,60,74,1,1,1,4,1,1,1,4,1,-,-,-,6,1,6,10,98,94,71,101,109,98,80,103,77,04/30/2026,111,0,N
SS,Howard Easterling,Switch,Right,93,82,71,79,116,91,80,69,75,107,1,1,22,6,1,1,22,6,1,1,1,1,96,66,93,75,75,62,62,94,67,68,56,59,77,03/13/2026,1 145,0,Y
RP,Mark Littell,Left,Right,1,4,1,4,1,1,5,1,5,1,102,47,100,162,107,67,113,122,21,-,-,-,23,20,22,23,5,7,4,54,8,6,5,12,77,03/13/2026,6 293,0,Y
1B,Justin Morneau,Left,Right,61,88,64,61,109,83,64,87,71,115,1,1,1,7,1,1,2,7,1,-,-,-,35,74,51,43,10,10,7,80,24,6,17,16,77,03/13/2026,106,0,N
CL,Riley O'Brien,Right,Right,30,34,28,18,53,29,33,27,16,51,86,68,79,88,95,69,80,97,25,2,2,5,24,28,47,7,12,9,28,62,26,15,30,34,77,03/13/2026,123,0,N
3B,Miguel Sano,Right,Right,160,111,133,129,40,144,34,128,110,25,1,1,1,1,1,1,1,1,1,-,-,-,42,31,72,33,56,49,50,36,30,6,4,30,77,07/08/2026,77 351,0,N
SP,Dean Stone,Left,Left,1,4,2,10,1,2,8,5,5,2,85,69,98,137,67,77,90,128,81,-,-,-,23,20,22,23,5,5,9,50,5,6,4,5,77,07/08/2026,33 781,4 419,N
CF,B.J. Upton,Right,Right,115,37,125,143,58,151,73,98,100,50,1,1,1,2,1,1,1,2,1,-,-,-,64,35,88,48,79,91,106,81,85,95,66,104,77,07/15/2026,667,512,N
2B,Jose Vidro,Switch,Right,102,102,66,97,119,108,109,89,79,120,1,1,1,9,1,1,1,9,1,-,-,-,70,61,36,58,1,1,5,72,22,12,8,27,77,05/26/2026,19 994,0,Y
SP,David Wells,Left,Left,12,2,1,10,1,9,4,1,5,3,48,133,129,50,49,140,88,98,72,-,-,-,35,20,25,19,2,1,2,64,12,6,5,18,77,05/14/2026,199,122,N
2B,JJ Wetherholt,Left,Right,77,59,77,89,87,79,61,80,92,89,1,1,76,1,1,1,77,1,1,1,1,1,70,78,58,71,62,72,55,79,32,77,41,62,77,04/17/2026,165,0,N
CL,Brad Hand,Left,Left,1,3,1,3,1,1,3,1,3,1,135,56,170,58,126,100,74,77,14,-,-,-,31,20,24,23,10,7,4,59,5,6,5,6,76,07/16/2026,1 537,750,N
2B,Nico Hoerner,Right,Right,69,83,57,77,134,67,81,51,76,131,1,1,83,1,1,1,82,1,1,1,1,1,85,101,57,85,65,65,51,104,57,82,70,53,76,03/13/2026,111,0,N
SP,Michael McGreevy,Left,Right,23,32,13,29,16,23,32,13,29,16,65,101,95,72,66,101,96,73,65,1,1,2,23,20,49,11,5,17,34,55,25,20,15,40,76,03/13/2026,147,0,N
3B,Kazuma Okamoto,Right,Right,83,76,103,92,65,80,73,100,86,63,1,2,58,1,1,2,59,1,3,-,-,-,64,70,66,33,62,51,47,60,5,11,9,49,76,04/17/2026,131,0,N
RP,Abner Uribe,Right,Right,30,20,5,17,25,30,20,5,17,25,100,67,94,86,105,68,100,94,15,1,1,1,29,25,50,20,8,17,26,68,17,14,14,23,76,03/13/2026,118,0,N
RF,Matt Wallner,Left,Right,78,80,94,88,53,79,82,96,90,58,36,30,81,46,36,33,81,49,20,1,1,1,23,32,90,18,50,56,92,65,33,67,16,45,76,03/13/2026,111,0,N
RF,Carlos Beltran,Switch,Right,84,87,135,71,74,76,66,122,130,87,1,1,1,4,1,1,1,4,1,-,-,-,7,1,10,6,67,122,116,104,56,69,56,61,75,07/23/2026,23 129,13 549,N
CF,David Dahl,Left,Right,166,150,69,66,71,120,98,105,77,80,1,1,1,1,1,1,1,1,1,-,-,-,1,10,5,10,83,111,38,76,82,55,55,75,75,07/08/2026,20 000,9 999,N
SP,Juan Guzman,Right,Right,16,30,5,35,19,16,30,5,35,19,69,63,76,88,106,72,89,68,70,-,-,-,25,13,20,23,8,7,3,45,16,6,5,28,75,03/13/2026,107,0,N
RP,Billy Hoeft,Left,Left,10,14,2,16,6,14,20,4,22,13,108,66,84,92,74,69,105,87,34,-,-,-,34,20,25,23,10,6,5,63,6,6,4,7,75,05/21/2026,132,101,N
2B,Jeff Kent,Right,Right,73,55,127,107,91,89,128,108,84,98,1,1,1,4,1,1,1,4,1,-,-,-,95,99,72,77,2,3,1,110,62,69,41,58,75,07/23/2026,22 255,18 000,N
RP,Don McMahon,Right,Right,16,3,1,3,1,11,3,1,3,2,71,69,155,66,103,77,142,115,25,-,-,-,26,31,27,23,2,3,10,66,10,6,4,16,75,04/29/2026,7 601,3 000,N
1B,Wally Pipp,Left,Left,60,92,62,75,78,81,67,84,81,116,1,1,1,3,1,1,2,3,1,-,-,-,41,41,41,43,1,9,7,67,57,51,56,57,75,03/13/2026,133,0,N
RP,Chad Bradford,Right,Right,1,4,1,3,2,1,3,1,3,1,83,72,60,165,75,133,79,158,11,-,-,-,33,20,25,23,7,2,10,62,9,6,5,12,74,07/22/2026,1 207,522,N
CL,Chad Cordero,Right,Right,1,3,1,3,1,1,3,1,3,1,81,76,148,95,94,112,152,67,17,-,-,-,27,20,23,23,1,4,2,55,12,6,4,20,74,06/02/2026,46 961,25 000,N
LF,Chuck Essegian,Right,Right,81,68,138,82,59,66,44,127,104,64,1,1,1,3,1,1,1,3,1,-,-,-,6,2,6,10,60,122,45,78,18,6,3,57,74,05/07/2026,121,0,N
CL,Pete Fairbanks,Right,Right,20,14,2,19,24,20,14,2,19,24,91,73,84,77,96,74,89,79,15,35,35,36,35,11,26,17,25,50,22,55,16,16,9,22,74,03/13/2026,111,0,N
SP,Max Fried,Left,Left,100,89,1,13,89,85,70,1,79,54,84,91,74,90,72,98,109,106,73,-,-,-,60,65,69,64,10,8,1,123,9,6,4,14,74,07/02/2026,38 059,0,Y
RP,Brandyn Garcia,Left,Left,10,19,12,14,39,10,19,12,14,39,96,76,91,96,90,74,86,91,21,1,1,1,24,27,38,10,28,37,33,60,23,30,15,23,74,06/01/2026,131,101,N
LF,Jim Greengrass,Right,Right,85,94,133,68,77,91,77,114,65,66,1,1,1,7,1,1,1,7,1,-,-,-,5,2,9,6,89,53,83,102,61,52,33,74,74,04/20/2026,115,0,N
1B,Joe Judge,Left,Left,108,122,33,115,75,110,117,69,105,99,1,1,1,4,1,1,1,4,1,-,-,-,44,81,64,41,3,7,3,75,71,55,57,64,74,05/05/2026,2 532,222,N
RP,Steven Okert,Left,Left,43,32,5,18,20,43,32,5,18,20,108,81,125,71,98,79,114,67,14,-,-,-,22,27,37,23,-,-,-,59,23,19,37,13,74,03/13/2026,118,101,N
SP,Tom Glavine,Left,Left,18,23,7,53,14,15,38,3,48,27,97,92,122,111,69,81,88,93,82,-,-,-,34,47,39,36,10,1,7,86,8,6,4,12,73,07/23/2026,3 326,1 018,N
CF,Torii Hunter,Right,Right,66,124,71,76,62,44,81,89,56,81,1,1,1,4,1,1,1,4,1,-,-,-,10,2,5,4,103,82,101,112,67,70,64,76,73,03/13/2026,113,0,N
SP,Cristian Javier,Right,Right,1,3,1,3,1,1,3,1,3,1,77,53,139,72,105,65,143,59,67,-,-,-,27,35,28,23,2,2,10,71,5,6,4,5,73,03/13/2026,111,0,N
SP,Gage Jump,Left,Left,22,34,5,27,24,22,34,5,27,24,89,72,74,110,99,76,58,82,73,3,3,2,15,27,54,5,10,15,33,53,12,1,1,36,73,05/29/2026,145,0,N
CL,Joakim Soria,Right,Right,6,4,1,3,1,4,3,1,3,1,70,81,50,88,115,87,32,140,13,-,-,-,35,20,26,23,1,7,7,65,12,6,5,20,73,05/12/2026,109,0,N
3B,Fernando Tatis,Right,Right,89,81,138,102,54,96,73,118,119,66,1,1,1,4,1,1,1,4,1,-,-,-,49,67,58,67,9,5,8,56,54,75,57,81,73,06/18/2026,12 541,0,Y
RP,Reggie Cleveland,Right,Right,1,3,1,1,1,1,2,1,3,1,76,72,88,64,81,98,98,79,22,-,-,-,23,16,21,23,8,9,1,46,12,6,5,19,72,03/13/2026,108,0,N
C,Mike Fitzgerald,Right,Right,41,40,98,144,87,86,111,62,127,60,1,1,1,7,1,1,4,7,1,95,73,45,54,70,70,57,56,56,67,73,39,89,44,40,72,03/13/2026,116,0,N
RF,Curry Foley,Left,Left,90,66,60,52,110,108,69,65,65,122,62,78,52,123,58,69,63,114,75,-,-,-,26,20,21,16,54,50,67,56,71,89,78,69,72,03/17/2026,140,101,N
SP,Logan Henderson,Right,Right,18,20,3,16,22,18,20,3,16,22,83,80,81,60,92,85,81,67,54,1,1,1,48,45,44,40,26,20,27,93,37,39,35,38,72,03/13/2026,134,0,N
RF,Earl Webb,Left,Right,115,201,91,87,71,130,169,74,98,85,1,1,1,8,1,1,1,8,1,-,-,-,6,5,9,5,61,39,91,73,62,16,13,110,72,06/04/2026,1 515,611,N
3B,Deacon White,Left,Right,97,79,76,42,138,113,80,89,57,148,1,1,1,4,1,1,4,4,1,-,-,-,66,56,78,61,60,49,56,70,60,77,69,51,72,03/13/2026,7 038,0,Y
2B,Miller Huggins,Switch,Right,67,48,22,138,111,104,33,5,155,100,1,1,1,1,1,1,3,1,1,-,-,-,64,84,45,69,7,5,10,74,62,81,78,56,71,03/13/2026,118,0,N
1B,Lee May,Right,Right,63,84,137,60,52,114,62,125,72,44,1,1,1,5,1,1,1,5,1,-,-,-,67,70,56,69,6,6,7,96,31,16,7,30,71,05/21/2026,132,101,N
2B,Jose Offerman,Switch,Right,53,66,62,81,90,74,90,39,101,103,1,1,1,2,1,1,2,2,1,-,-,-,55,48,32,64,3,10,2,51,79,70,73,84,70,03/13/2026,140,101,N
RP,Chris Sale,Left,Left,1,1,1,1,1,1,1,1,1,1,105,55,127,150,133,69,84,74,49,-,-,-,35,62,40,23,8,8,3,92,6,6,3,8,70,03/13/2026,503,101,N
CF,Roldy Brito,Switch,Right,109,116,41,82,92,111,98,50,87,86,1,1,61,1,1,1,62,1,4,1,-,2,89,72,74,75,103,75,68,105,113,105,89,114,69,07/10/2026,53,26,N
SP,Stephen Kolek,Right,Right,24,20,7,23,17,24,20,7,23,17,60,84,80,78,65,88,81,87,62,2,2,1,26,26,65,22,17,40,26,69,12,8,9,19,69,06/01/2026,33,0,N
SP,Kenta Maeda,Right,Right,1,3,2,2,3,1,6,4,5,2,62,63,78,66,87,86,85,73,63,-,-,-,35,33,30,23,10,2,8,77,6,6,4,8,69,03/13/2026,28,0,N
SP,Bob Miller,Right,Right,3,4,1,13,7,1,8,1,7,3,67,69,74,141,76,77,76,126,62,-,-,-,35,24,32,37,6,4,7,72,10,6,4,15,69,04/01/2026,11 419,1 401,N
1B,Justin Smoak,Switch,Left,100,68,90,106,104,56,65,133,100,60,1,1,1,5,1,1,1,5,1,-,-,-,41,105,43,44,4,10,5,92,11,6,5,19,69,06/10/2026,14 163,300,N
SP,Frank Viola,Left,Left,17,5,1,2,1,11,3,1,4,2,35,75,142,122,63,70,92,92,84,-,-,-,35,13,24,23,4,10,6,57,21,6,5,36,69,05/14/2026,29,0,N
RP,Kirby Yates,Left,Right,48,21,5,21,25,46,19,5,21,25,105,66,87,78,108,66,93,79,14,-,-,-,20,27,43,17,-,-,-,58,17,17,10,24,69,06/01/2026,32,0,N
3B,Dave Brain,Right,Right,74,144,120,57,83,82,89,121,52,83,1,1,1,2,1,1,1,2,1,-,-,-,99,43,104,82,7,10,5,92,70,76,81,71,68,07/02/2026,37,26,N
SS,Leo Cardenas,Right,Right,122,79,79,104,80,115,85,68,81,72,1,1,1,1,1,1,1,1,1,-,-,-,105,112,71,97,10,4,6,109,56,6,21,64,68,06/23/2026,38,26,N
LF,Rickey Henderson,Right,Left,133,67,87,206,72,128,87,57,134,59,1,1,1,1,1,1,1,1,1,-,-,-,8,10,3,3,44,104,22,56,79,98,87,111,68,05/14/2026,21 712,0,Y
RP,Ty Madden,Right,Right,21,20,7,22,18,21,20,7,22,18,78,74,78,69,84,77,79,74,38,2,2,5,69,7,42,27,14,32,34,86,27,27,23,31,68,06/01/2026,36,0,N
1B,Mickey Mantle,Switch,Right,132,57,80,137,69,43,53,131,149,53,1,1,1,1,1,1,1,1,1,-,-,-,23,57,35,31,47,44,42,51,31,5,6,33,68,04/23/2026,1 823,0,Y
SS,Ketel Marte,Switch,Right,100,135,32,92,101,141,82,24,101,105,1,1,1,7,1,1,4,7,1,-,-,-,79,64,31,47,52,50,28,51,89,64,21,82,68,03/13/2026,5 459,0,Y
1B,John Olerud,Left,Left,75,71,74,141,94,92,86,88,101,101,1,1,2,1,1,1,1,1,1,-,-,-,76,65,72,93,10,5,4,108,26,11,11,16,68,07/01/2026,42,26,N
SP,Chien-Ming Wang,Right,Right,1,1,1,3,1,1,1,1,3,1,23,126,66,144,27,135,81,143,68,-,-,-,31,53,36,23,9,8,8,85,12,6,3,21,68,03/18/2026,5 769,678,N
SP,Milo Candini,Right,Right,2,5,5,4,3,2,5,4,3,2,41,60,87,117,82,64,78,121,69,-,-,-,27,20,23,23,3,1,2,55,31,6,5,58,67,06/04/2026,30,0,N
SP,Jim Deshaies,Left,Left,5,10,1,16,3,3,10,1,11,6,63,39,100,140,77,80,104,79,71,-,-,-,35,19,26,23,9,9,4,64,29,30,34,26,67,06/23/2026,34,26,N
SP,Mike Fornieles,Right,Right,4,4,1,5,6,4,5,1,10,5,68,69,61,99,65,82,67,83,63,-,-,-,27,18,23,23,2,7,6,53,12,6,4,19,67,03/13/2026,27,0,N
SP,Roberto H. Hernandez,Right,Right,1,3,1,3,1,1,3,1,3,1,41,66,81,97,65,81,89,75,78,-,-,-,31,64,43,34,10,3,2,92,6,6,5,7,67,03/13/2026,30,0,N
CF,Kevin Kiermaier,Left,Right,108,34,60,58,61,120,80,85,79,78,1,1,1,7,1,1,1,7,1,-,-,-,8,4,2,7,122,78,44,128,117,75,81,91,67,07/15/2026,113,57,N
SS,Willy Adames,Right,Right,74,102,94,75,66,76,98,94,73,67,1,1,81,1,1,1,84,1,-,3,3,4,84,74,73,74,60,58,57,75,31,73,45,56,66,03/13/2026,32,0,N
SP,Tyler Anderson,Left,Left,34,37,40,68,30,25,37,62,62,32,57,94,107,79,57,93,65,77,64,-,-,-,35,13,22,19,10,3,8,56,16,6,3,28,66,03/13/2026,27,0,N
3B,Clete Boyer,Right,Right,52,124,114,66,105,50,81,77,60,88,1,1,1,2,1,1,1,2,1,-,-,-,67,71,79,87,9,4,1,76,51,74,16,46,66,03/13/2026,26,0,N
SP,John Klein,Right,Right,29,26,5,22,28,28,26,6,20,26,72,76,78,67,76,77,80,71,49,1,1,1,28,22,47,19,7,1,6,64,18,18,15,21,66,06/01/2026,34,0,N
RF,Ed Morgan,Right,Right,141,150,50,118,86,129,112,33,124,89,1,1,1,1,1,1,1,1,1,-,-,-,3,1,2,9,50,54,66,52,69,45,56,66,66,07/02/2026,34,26,N
RF,Tyler O'Neill,Right,Right,71,68,97,92,66,70,69,92,88,63,1,8,76,1,1,8,74,1,3,2,2,5,16,18,53,16,62,61,64,64,17,76,33,69,66,03/13/2026,34,0,N
SP,Jordan Wicks,Left,Left,12,20,10,11,24,12,20,10,11,24,68,82,75,74,70,84,73,75,33,1,1,1,23,27,45,15,12,20,28,62,16,1,16,33,66,07/06/2026,37,26,N
CF,Vic Davalillo,Left,Left,71,54,45,52,95,79,71,46,51,113,1,1,1,1,1,1,1,1,6,-,-,-,10,2,1,10,95,87,87,99,64,77,69,61,65,03/13/2026,35,0,N
SP,Joe Dobson,Right,Right,10,40,2,49,6,21,25,5,42,12,88,60,57,68,79,68,116,62,63,-,-,-,25,46,30,21,10,6,1,77,5,6,4,6,65,03/13/2026,30,0,N
SP,Rich Gossage,Right,Right,1,3,1,3,1,1,3,1,3,1,65,58,73,69,93,64,87,100,84,-,-,-,31,13,22,23,6,9,8,52,7,6,5,9,65,04/23/2026,29,0,N
CL,Shigetoshi Hasegawa,Right,Right,1,3,1,3,1,1,3,1,3,1,29,96,104,132,43,110,115,112,25,-,-,-,35,20,26,23,7,2,4,64,17,6,5,29,65,07/09/2026,35 658,35 000,N
RP,Brad Lord,Right,Right,16,22,11,15,21,15,21,10,15,21,70,75,90,71,77,78,92,75,32,1,1,1,25,24,45,14,36,28,23,61,32,28,26,44,65,03/13/2026,27,0,N
2B,Joe Morgan,Left,Right,43,58,55,177,85,48,69,97,181,115,1,1,1,7,1,1,1,7,1,-,-,-,74,46,42,56,10,5,2,65,56,88,60,85,65,05/05/2026,371,115,N
SS,Jose Reyes,Switch,Right,81,60,83,60,141,60,61,64,81,102,1,1,1,1,1,1,1,2,1,-,-,-,69,63,67,69,5,9,9,56,50,76,78,81,65,03/13/2026,28,0,N
RF,Tim Salmon,Right,Right,63,56,118,170,58,86,65,109,99,57,1,1,1,1,1,1,1,1,1,-,-,-,1,1,8,4,41,48,93,56,54,52,17,82,65,06/04/2026,29,0,N
SP,Chris Short,Right,Left,12,51,4,32,31,6,33,4,25,24,99,62,120,111,75,65,55,77,66,-,-,-,35,32,30,23,6,1,1,77,37,78,16,26,65,03/13/2026,29,0,N
3B,Mark Teahen,Left,Right,65,107,71,63,81,72,74,91,84,76,1,1,1,3,1,1,1,3,1,-,-,-,46,51,62,55,4,8,10,44,76,87,42,75,65,03/13/2026,29,0,N
SP,Chris Bassitt,Right,Right,1,3,1,3,1,1,3,1,3,1,75,60,93,54,56,79,99,77,66,-,-,-,26,22,24,23,7,7,1,56,8,6,4,12,64,03/13/2026,28,0,N
SS,Mark Belanger,Right,Right,34,59,48,81,108,39,65,53,83,85,1,1,1,3,1,1,1,3,1,-,-,-,85,108,88,79,4,9,8,94,71,76,75,69,64,03/13/2026,28,0,N
1B,Josh Bell,Switch,Right,74,82,86,78,81,76,82,86,79,81,1,1,81,1,1,1,84,1,-,-,-,-,23,29,29,22,41,44,60,49,20,6,10,58,64,03/13/2026,35,0,N
2B,Mark Bellhorn,Switch,Right,144,122,110,118,34,100,63,79,145,43,1,1,1,4,1,1,1,4,1,-,-,-,61,69,58,52,50,60,40,61,54,40,39,64,64,06/10/2026,18 955,2 250,N
SP,Jim Bouton,Right,Right,2,13,2,16,11,4,26,2,16,10,56,60,138,71,73,63,113,94,91,-,-,-,25,21,23,23,6,10,4,53,15,6,5,25,64,06/09/2026,31,0,N
LF,Greg Briley,Left,Right,132,92,61,84,51,88,92,85,73,60,1,1,1,4,1,1,1,4,1,-,-,-,64,78,31,68,59,42,59,62,79,78,70,87,64,05/26/2026,60,0,N
LF,Bill Buckner,Left,Left,85,112,1,40,200,110,105,68,55,185,1,1,1,1,1,1,1,1,1,-,-,-,58,62,50,71,59,60,46,63,81,89,87,87,64,06/23/2026,46,26,N
CF,Brett Butler,Left,Left,117,36,21,130,100,128,75,25,117,115,1,1,1,3,1,1,1,3,1,-,-,-,3,7,3,5,58,112,77,49,110,100,99,106,64,07/02/2026,39,26,N
CF,Byron Buxton,Right,Right,133,142,87,66,73,79,161,55,59,78,1,1,1,1,1,1,1,1,1,-,-,-,3,9,6,4,115,117,38,122,122,109,79,123,64,06/27/2026,37,26,N
RF,Joe Carter,Right,Right,109,127,112,48,78,56,124,106,66,68,1,1,1,2,1,1,1,2,1,-,-,-,66,63,67,46,83,50,106,104,78,89,78,85,64,07/01/2026,37,26,N
SP,Mickey Haefner,Left,Left,13,11,2,35,7,6,21,2,20,14,64,61,82,120,64,74,69,100,84,-,-,-,35,33,30,23,7,5,4,77,5,6,5,5,64,06/11/2026,31,0,N
SS,Isiah Kiner-Falefa,Right,Right,64,57,9,49,114,73,63,12,43,107,39,59,44,52,39,59,61,51,17,23,33,72,96,83,68,88,77,44,46,89,94,99,71,97,64,03/13/2026,29,0,N
1B,Adam LaRoche,Left,Left,86,55,86,228,44,105,166,81,84,55,1,1,1,5,1,1,1,5,1,-,-,-,42,52,38,58,5,2,3,82,54,6,5,64,64,07/21/2026,483,255,N
C,Ryan Lavarnway,Right,Right,76,88,91,105,76,68,78,81,91,68,1,1,1,1,1,1,1,1,1,51,66,56,5,5,2,1,5,7,8,52,5,6,4,5,64,04/07/2026,354,155,N
1B,James Loney,Left,Left,41,56,60,48,94,102,81,70,64,120,1,1,1,1,1,1,5,1,1,-,-,-,65,67,67,60,1,5,10,95,32,85,15,42,64,03/13/2026,28,0,N
CF,Oddibe McDowell,Left,Left,49,64,86,77,64,70,74,76,80,87,1,1,1,1,1,1,2,1,1,-,-,-,2,4,10,9,72,91,110,72,80,76,87,84,64,03/13/2026,28,0,N
SP,Mike Moore,Right,Right,1,3,1,3,1,1,3,1,3,1,61,47,80,97,89,52,95,76,73,-,-,-,26,24,25,24,8,2,10,58,5,6,4,5,64,03/13/2026,29,0,N
CL,Dan Spillner,Right,Right,9,1,1,90,6,20,14,1,70,8,66,73,72,78,92,76,88,89,52,-,-,-,24,26,24,23,7,8,3,58,12,6,4,19,64,06/04/2026,31,0,N
3B,Jim Thome,Left,Right,29,62,48,77,22,88,80,126,127,54,1,1,1,1,1,1,1,1,1,-,-,-,61,38,78,40,7,6,5,52,38,29,29,67,64,06/04/2026,39,0,N
SS,U L Washington,Switch,Right,82,70,90,64,136,61,64,66,74,93,1,1,1,4,1,1,1,4,1,-,-,-,87,57,78,77,10,5,7,73,69,85,81,70,64,03/13/2026,30,0,N
LF,David Dellucci,Left,Left,64,83,69,89,54,57,78,85,82,72,1,1,1,1,1,1,1,1,1,-,-,-,2,9,6,8,71,101,58,87,63,72,32,51,63,03/13/2026,28,0,N
1B,Walt Dropo,Right,Right,73,64,110,58,86,69,56,83,68,77,1,1,1,4,1,1,1,4,1,-,-,-,22,61,38,31,8,5,10,66,24,6,8,30,63,03/13/2026,27,0,N
SP,Nino Espinosa,Right,Right,1,4,1,6,5,2,9,1,8,4,45,91,54,54,64,67,116,78,73,-,-,-,35,20,26,23,1,2,10,65,7,6,14,5,63,03/13/2026,29,0,N
C,Andy Etchebarren,Right,Right,85,52,115,62,77,91,64,81,72,51,1,1,1,7,1,1,1,7,1,79,76,92,10,6,7,7,4,8,9,86,38,20,44,35,63,06/25/2026,38,26,N
SP,Al Fitzmorris,Switch,Right,1,3,1,3,1,1,3,1,3,1,33,94,64,107,53,76,75,81,72,-,-,-,34,53,38,28,7,5,10,87,5,6,4,5,63,03/13/2026,27,0,N
3B,Wayne Gross,Left,Right,47,64,72,139,61,37,66,94,116,68,1,1,1,4,1,1,1,4,1,-,-,-,61,49,74,38,1,6,10,54,39,58,16,42,63,03/13/2026,29,0,N
DH,Sam Horn,Left,Left,20,20,110,49,15,62,74,128,94,33,1,1,1,1,1,1,5,1,1,-,-,-,21,22,23,26,5,5,8,-,5,1,1,26,63,03/13/2026,30,0,N
3B,Willie Jones,Right,Right,28,33,88,86,158,38,51,87,74,101,1,1,1,7,1,1,2,7,1,-,-,-,50,73,65,74,2,9,10,60,47,65,32,33,63,03/13/2026,29,0,N
C,Buck Martinez,Right,Right,74,98,108,108,71,31,34,75,127,64,1,1,1,6,1,1,1,6,1,86,63,71,8,5,1,6,1,5,4,80,7,6,12,5,63,06/19/2026,10 983,0,Y
LF,Hideki Matsui,Left,Right,66,49,67,71,102,67,59,69,82,100,1,1,1,1,1,1,1,1,1,-,-,-,1,3,9,9,44,59,63,51,11,6,5,36,63,03/13/2026,27,0,N
SS,Andruw Monasterio,Right,Right,80,80,68,80,74,78,81,69,77,72,1,9,77,1,1,9,75,1,1,1,1,1,68,69,69,62,58,60,74,57,45,76,61,61,63,03/13/2026,39,0,N
1B,Johnny Neun,Switch,Left,104,33,1,144,69,138,75,1,138,90,1,1,1,4,1,1,1,4,1,-,-,-,39,18,27,59,7,2,4,50,81,105,100,78,63,06/09/2026,36,0,N
SP,Dave Rozema,Right,Right,1,3,1,3,1,1,2,1,3,1,52,112,73,60,45,133,98,61,89,-,-,-,24,40,29,23,7,4,6,72,5,6,5,5,63,03/13/2026,29,0,N
RF,Danny Tartabull,Right,Right,144,90,59,119,45,97,79,105,107,39,1,1,1,3,1,1,1,3,1,-,-,-,40,30,59,74,37,44,80,44,58,31,49,77,63,06/18/2026,32,26,N
SP,Josh Tomlin,Right,Right,2,3,1,3,1,2,3,1,3,1,44,117,101,51,47,155,103,44,72,-,-,-,31,32,29,23,10,9,4,73,9,6,4,13,63,03/13/2026,29,0,N
CF,Jacob Young,Right,Right,72,73,59,67,90,72,72,57,65,88,1,1,73,1,1,1,74,1,1,3,3,3,48,54,47,52,101,83,73,104,77,82,81,51,63,03/13/2026,40,0,N
RP,AJ Blubaugh,Right,Right,12,21,6,15,34,12,21,6,15,34,89,64,96,75,85,62,97,73,33,1,1,1,31,35,43,15,30,23,29,76,20,25,14,20,62,05/04/2026,30,0,N
2B,Julio Cruz,Switch,Right,140,66,1,111,88,78,58,24,135,85,1,1,1,7,1,1,1,7,1,-,-,-,98,72,57,79,6,2,1,103,98,107,99,108,62,07/02/2026,32,26,N
SP,Larry Dierker,Right,Right,12,36,20,31,13,6,26,35,35,24,82,89,113,64,62,77,58,55,74,-,-,-,23,23,23,23,7,4,4,53,11,6,4,17,62,03/13/2026,27,0,N
CF,A.J. Ewing,Left,Right,91,76,51,79,69,90,81,56,84,68,1,1,77,1,1,1,78,1,1,1,1,1,61,66,55,59,82,79,52,73,120,92,92,66,62,06/01/2026,34,0,N
SP,Atlee Hammaker,Switch,Left,1,4,1,4,7,1,8,1,9,4,76,108,69,55,60,153,64,68,70,-,-,-,35,44,34,23,10,2,10,83,15,11,4,22,62,03/13/2026,29,0,N
3B,Randy Jackson,Right,Right,62,94,84,62,87,69,74,86,65,86,1,1,1,7,1,1,1,7,1,-,-,-,66,60,78,36,5,5,6,64,60,67,55,47,62,03/13/2026,28,0,N
SP,Ron Kline,Right,Right,5,35,1,26,8,10,20,1,41,16,40,84,52,64,63,80,109,80,54,-,-,-,27,25,26,27,9,8,9,61,18,11,4,29,62,03/13/2026,29,0,N
SP,Greg Maddux,Right,Right,17,49,3,38,20,32,38,5,33,26,60,58,50,125,74,90,135,68,82,-,-,-,27,36,34,41,6,7,4,75,36,74,17,27,62,06/25/2026,52,26,N
CF,Irv Noren,Left,Left,55,77,46,64,114,68,113,67,69,107,1,1,1,4,1,1,2,4,1,-,-,-,8,8,9,1,86,54,62,77,59,69,61,66,62,03/13/2026,28,0,N
RF,Josh Reddick,Left,Right,20,67,62,77,95,35,45,83,82,102,1,1,1,1,1,1,2,1,1,-,-,-,10,5,1,1,62,110,98,89,62,73,41,72,62,03/13/2026,28,0,N
SP,Carlos Rodriguez,Right,Right,26,17,3,14,15,26,17,3,14,15,69,69,77,65,77,72,78,71,52,2,2,3,31,19,44,18,32,35,25,62,17,7,26,18,62,06/01/2026,45,0,N
SP,Riley Cornelio,Right,Right,27,23,4,21,14,27,23,4,21,14,72,65,74,69,77,66,77,74,49,1,1,5,26,23,50,23,25,10,39,63,28,27,22,34,61,07/06/2026,38,26,N
SP,George Klassen,Right,Right,29,13,12,28,35,29,13,12,28,35,75,69,77,74,75,69,76,74,43,1,1,2,25,32,45,22,8,25,31,69,22,10,20,37,61,06/01/2026,31,0,N
RP,Matt Pushard,Right,Right,16,14,14,25,16,16,14,14,25,16,80,73,74,75,83,74,77,76,19,1,1,3,26,29,44,16,15,18,31,66,20,4,15,41,61,06/01/2026,41,0,N
CL,Marco Raya,Right,Right,24,20,9,15,12,24,20,9,15,12,72,68,75,64,82,73,76,74,28,1,1,2,35,31,55,3,32,29,8,78,16,17,11,21,61,07/06/2026,87,45,N
SP,Coleman Crow,Right,Right,39,33,9,34,32,39,33,9,34,32,66,75,70,69,71,78,76,75,58,3,3,2,24,21,55,13,10,19,23,58,14,7,13,23,60,06/01/2026,39,0,N
SP,Daniel Espino,Right,Right,20,26,19,21,24,20,26,19,21,24,83,63,75,67,85,64,76,68,37,1,1,1,20,6,60,15,37,37,49,40,20,22,14,23,60,07/06/2026,55,0,N
RP,Pedro Feliciano,Left,Left,1,3,1,3,1,1,3,1,3,1,123,125,105,75,91,48,74,55,25,-,-,-,35,20,26,23,8,6,5,65,5,6,4,6,60,07/21/2026,343,202,N
LF,Tony Gwynn Jr.,Left,Right,68,77,1,55,48,92,69,60,72,91,1,1,1,3,1,1,1,3,1,-,-,-,9,9,1,10,93,118,89,121,99,98,88,104,60,06/18/2026,30,26,N
3B,Jace Jung,Left,Right,58,70,79,98,56,63,75,81,108,63,1,1,74,1,1,1,77,1,10,1,1,1,61,64,69,44,50,52,60,59,18,63,18,58,60,06/01/2026,45,0,N
SP,Darrell May,Left,Left,1,3,1,3,1,1,3,1,3,1,68,116,150,70,69,89,124,58,72,-,-,-,24,20,22,23,1,2,7,51,16,6,4,28,60,06/04/2026,166,60,N
SP,Michael Pineda,Right,Right,1,3,1,3,1,1,2,1,3,1,66,82,63,75,63,86,69,61,71,-,-,-,32,20,25,23,4,8,1,61,13,6,4,21,60,03/13/2026,28,0,N
RP,Jose Urquidy,Right,Right,20,13,3,17,22,20,13,2,17,22,65,90,75,70,65,89,76,70,38,2,2,5,19,15,34,3,16,22,24,40,22,22,14,29,60,06/01/2026,34,26,N
LF,Andrew Benintendi,Left,Left,89,131,52,90,78,76,96,58,86,87,1,1,1,5,1,1,1,5,1,-,-,-,1,3,3,8,42,92,68,57,55,73,43,52,59,03/13/2026,7,0,N
SS,Geraldo Perdomo,Switch,Right,93,60,25,91,119,68,80,40,83,98,1,1,1,1,1,1,1,1,1,-,-,-,58,51,57,58,10,10,2,38,55,81,43,54,59,03/13/2026,6,0,N
LF,Mark Quinn,Right,Right,88,62,86,43,92,64,84,76,65,83,1,1,1,1,1,1,1,1,1,-,-,-,8,7,5,8,49,52,101,63,41,70,31,50,59,03/13/2026,6,0,N
SP,JR Ritchie,Right,Right,35,34,24,34,40,34,33,23,33,38,74,67,83,65,79,68,86,68,68,2,2,3,32,57,59,44,48,58,56,92,47,46,37,57,59,06/01/2026,22,0,N
RP,Kendry Rojas,Left,Left,23,19,2,23,22,21,21,3,25,20,78,69,79,82,72,67,73,77,56,1,1,2,25,30,54,16,10,21,28,69,15,7,15,21,59,06/01/2026,24,6,N
LF,Gus Zernial,Right,Right,62,60,115,59,60,79,57,98,56,72,1,1,1,4,1,1,2,4,1,-,-,-,2,9,2,2,47,44,77,54,32,6,15,24,59,03/13/2026,7,0,N
RF,Derek Bell,Right,Right,44,73,60,71,83,66,76,80,78,85,1,1,1,5,1,1,2,5,1,-,-,-,2,5,8,9,71,44,57,68,61,74,73,64,58,03/13/2026,6,0,N
CF,Carlos Beltran,Switch,Right,110,69,113,50,41,100,77,70,53,82,1,1,1,4,1,1,1,4,1,-,-,-,8,5,1,6,109,42,111,118,110,101,67,88,58,07/21/2026,101,40,N
RP,Matt Gage,Left,Left,23,15,6,33,24,23,15,6,33,24,84,75,82,88,75,68,79,71,15,1,1,2,28,31,59,15,12,25,34,74,21,10,9,45,58,06/01/2026,27,9,N
SS,Freddy Galvis,Switch,Right,120,89,60,22,86,78,63,92,54,61,1,1,1,2,1,1,1,2,1,-,-,-,104,116,78,70,10,10,10,106,35,67,31,46,58,06/09/2026,7,0,N
CF,Tony Gwynn,Left,Left,130,79,5,19,100,92,97,25,69,120,1,1,1,1,1,1,1,1,1,-,-,-,6,2,5,5,72,76,34,54,102,66,57,96,58,04/29/2026,9 584,500,N
SS,Ron Hansen,Right,Right,56,74,52,108,149,48,66,60,117,113,1,1,1,5,1,1,2,5,1,-,-,-,110,55,94,97,2,7,7,99,65,6,20,89,58,06/25/2026,8,0,N
1B,Tony Horton,Right,Right,67,91,91,54,90,45,77,87,64,99,1,1,1,5,1,1,1,5,1,-,-,-,34,31,32,31,7,6,6,61,52,63,35,56,58,03/13/2026,6,0,N
3B,Greg Norton,Switch,Right,45,70,94,98,72,51,82,71,96,80,1,1,1,3,1,1,1,3,1,-,-,-,47,44,63,36,1,2,2,39,26,58,41,37,58,03/13/2026,6,0,N
RP,Joe Rock,Left,Left,21,27,1,12,9,22,28,1,13,10,71,72,76,87,67,70,72,81,40,1,1,2,18,24,40,8,8,22,20,50,16,9,13,26,58,07/06/2026,26,0,N
SP,Bob Romby,Left,Left,25,65,57,56,37,27,67,61,59,40,84,60,115,85,74,51,116,78,56,1,1,1,29,14,21,21,7,4,10,50,9,11,5,29,58,06/23/2026,8,0,N
RP,Drew Sommers,Left,Left,16,19,9,15,30,17,20,10,17,31,81,80,86,97,66,74,72,78,17,1,1,1,31,37,38,22,27,32,23,78,14,16,13,13,58,07/06/2026,41,25,N
3B,Jonathan Villar,Switch,Right,122,63,42,58,60,68,60,93,85,67,1,1,2,4,1,1,1,4,1,-,-,-,63,57,74,57,3,2,3,61,75,78,69,94,58,03/13/2026,7,0,N
RP,Billy Wagner,Left,Left,1,3,1,3,1,1,3,1,3,2,101,28,153,120,137,40,131,49,22,-,-,-,29,20,24,23,8,10,4,57,8,6,5,11,58,06/18/2026,8,0,N
SP,Dallas Braden,Left,Left,1,3,1,3,1,1,3,1,3,1,41,100,72,92,53,108,92,86,73,-,-,-,35,20,26,23,6,4,4,65,5,6,3,6,57,07/15/2026,178,58,N
1B,Danny Cater,Right,Right,100,48,36,57,179,72,69,47,49,122,1,1,1,2,1,1,1,2,1,-,-,-,35,40,44,31,3,1,8,58,50,67,17,53,57,03/13/2026,6,0,N
RF,Junior Felix,Switch,Right,62,70,80,86,52,84,71,71,66,73,1,1,1,7,1,1,2,7,1,-,-,-,9,10,8,6,61,44,99,78,92,74,88,92,57,03/13/2026,7,0,N
RF,Jason Heyward,Left,Left,94,71,45,70,112,71,80,54,82,121,1,1,1,3,1,1,1,3,1,-,-,-,2,4,4,7,101,94,93,123,89,21,19,96,57,04/07/2026,1 572,666,N
RP,Drey Jameson,Right,Right,31,21,8,10,16,31,21,8,10,16,80,60,76,74,91,64,79,85,24,3,3,3,9,17,26,15,30,13,23,30,17,25,11,16,57,07/06/2026,42,15,N
LF,Andruw Jones,Right,Right,115,72,108,110,48,28,1,124,133,39,1,1,1,3,1,1,1,3,1,-,-,-,8,10,10,1,85,91,39,96,42,6,3,66,57,07/21/2026,266,56,N
CL,Mike Marshall,Right,Right,4,1,1,6,2,2,2,1,3,2,90,74,74,120,87,55,66,111,74,-,-,-,35,33,38,45,5,4,6,79,11,6,4,18,57,04/01/2026,4 722,1 405,N
RP,Miles Mikolas,Right,Right,35,21,4,21,26,34,19,4,21,26,61,113,94,55,63,111,94,55,75,1,1,3,21,34,47,19,26,18,25,67,16,11,20,15,57,03/13/2026,10,0,N
RP,Michael Petersen,Right,Right,24,18,5,14,15,24,18,5,14,15,93,73,85,63,92,72,88,67,16,1,1,1,23,50,35,31,3,3,3,79,12,7,10,20,57,05/04/2026,36,0,N
2B,Travis Bazzana,Left,Right,75,81,75,88,61,76,86,77,91,64,1,1,80,1,1,1,81,1,1,-,-,-,58,63,46,57,57,55,48,58,71,73,32,58,56,06/01/2026,39,0,N
3B,Jeimer Candelario,Switch,Right,115,142,48,45,69,108,134,65,88,71,1,1,1,4,1,1,1,4,1,-,-,-,50,89,57,35,5,1,8,57,22,6,4,25,56,06/09/2026,7,0,N
SS,Pumpsie Green,Switch,Right,96,104,74,111,88,59,68,35,110,84,1,1,1,4,1,1,1,4,1,-,-,-,69,32,69,72,7,10,8,47,60,56,26,67,56,04/20/2026,7,0,N
LF,Greg Luzinski,Right,Right,31,71,66,116,70,47,50,90,96,81,1,1,1,7,1,1,2,7,1,-,-,-,5,3,4,8,33,16,56,28,22,76,22,26,56,03/13/2026,6,0,N
RF,Xavier Nady,Right,Right,66,73,80,65,82,60,75,81,54,87,1,1,1,4,1,1,1,4,1,-,-,-,65,23,38,26,55,77,97,76,35,72,16,47,56,03/13/2026,7,0,N
3B,Mike Pagliarulo,Left,Right,33,73,93,103,58,46,82,99,84,76,1,1,1,5,1,1,2,5,1,-,-,-,54,61,68,45,8,10,6,54,24,6,5,23,56,03/13/2026,6,0,N
SP,Patricio Scantlebury,Left,Left,81,70,1,37,100,99,74,1,48,112,75,66,43,116,70,59,46,114,68,1,1,1,29,25,26,25,53,59,65,63,31,6,5,28,56,06/25/2026,9,0,N
3B,Paul Schaal,Right,Right,60,116,58,97,92,38,78,63,109,94,1,1,1,7,1,1,1,7,1,-,-,-,50,51,65,31,9,2,6,44,51,44,23,70,56,03/13/2026,6,0,N
SP,Tom Seaver,Right,Right,13,26,34,58,22,16,41,34,59,21,67,55,88,95,76,62,136,69,76,-,-,-,25,29,29,33,9,10,1,64,9,6,5,13,56,05/05/2026,543,112,N
RP,Mike Stanton,Switch,Right,1,3,1,3,1,1,3,1,3,1,58,61,41,118,100,66,87,80,21,-,-,-,26,20,23,23,6,7,10,53,14,6,5,24,56,04/01/2026,4 318,1 338,N
LF,Ken Berry,Right,Right,79,96,73,89,116,97,69,55,66,91,1,1,1,1,1,1,1,1,1,-,-,-,8,2,6,2,105,109,85,131,89,58,60,97,55,06/04/2026,269,63,N
2B,Tyler Callihan,Left,Right,79,77,72,69,43,77,75,78,73,57,1,1,72,1,1,1,75,1,1,4,4,2,49,56,63,51,49,47,70,46,79,80,63,55,55,07/06/2026,48,0,N
LF,Vince Coleman,Switch,Right,93,98,1,61,73,111,56,15,74,77,1,1,1,2,1,1,1,2,1,-,-,-,5,10,4,4,89,69,78,104,125,124,123,123,55,06/04/2026,8,0,N
3B,Gene Freese,Right,Right,98,77,43,62,103,71,76,65,52,91,1,1,1,2,1,1,1,2,1,-,-,-,62,50,64,32,48,52,61,49,55,75,70,63,55,03/13/2026,6,0,N
SP,Dax Fulton,Left,Left,18,18,4,14,11,18,18,4,14,11,66,64,76,86,65,63,74,83,60,2,2,2,27,24,39,15,8,16,26,61,10,8,5,17,55,07/06/2026,44,6,N
RP,William Kempner,Right,Right,20,13,12,16,17,20,13,12,16,17,71,61,75,73,83,64,86,86,23,2,2,2,21,16,41,21,5,23,33,47,8,2,12,11,55,07/06/2026,37,6,N
2B,Scott Kingery,Right,Right,74,70,77,76,56,75,76,73,69,54,1,1,81,1,1,1,81,1,1,1,1,1,71,75,59,70,71,70,49,20,96,86,53,81,55,06/01/2026,21,0,N
3B,Corey Koskie,Left,Right,63,65,64,85,60,63,78,77,99,71,1,1,1,2,1,1,1,2,1,-,-,-,65,73,77,40,2,8,3,69,26,74,21,38,55,03/13/2026,7,0,N
SP,Ted Lyons,Switch,Right,48,30,2,47,58,45,40,5,50,47,53,105,83,44,49,120,72,56,80,-,-,-,27,25,26,27,5,6,7,61,8,6,3,12,55,06/09/2026,7,0,N
RF,MJ Melendez,Left,Right,79,71,64,70,80,62,99,67,88,67,1,1,1,7,1,1,1,7,1,44,57,55,9,7,3,3,45,44,101,63,61,63,45,63,55,03/13/2026,6,0,N
RP,Cionel Perez,Left,Left,23,31,3,18,34,23,31,3,18,34,83,61,80,88,80,62,77,76,15,1,1,1,13,15,65,9,5,25,22,42,12,12,14,11,55,05/04/2026,17,0,N
CF,John Shelby,Switch,Right,88,72,54,67,54,87,78,75,73,64,1,1,1,5,1,1,1,5,1,-,-,-,6,9,8,9,77,51,77,67,79,79,72,90,55,03/13/2026,7,0,N
SS,Jose Vizcaino,Switch,Right,75,56,5,99,74,79,65,55,59,105,1,1,1,1,1,1,1,1,1,-,-,-,114,70,91,88,1,9,8,105,72,56,56,59,55,07/22/2026,75,11,N
RF,Clyde Vollmer,Right,Right,17,55,124,115,74,68,39,114,90,50,1,1,1,1,1,1,1,1,1,-,-,-,1,9,1,9,66,92,47,66,29,6,5,25,55,07/02/2026,10,6,N
SP,Earl Wilson,Right,Right,32,20,89,20,45,48,61,74,69,41,67,40,124,65,98,50,107,77,89,-,-,-,29,17,23,23,10,3,10,54,15,6,5,26,55,06/27/2026,7,0,N
RP,Travis Adams,Right,Right,18,20,5,13,19,18,20,5,13,19,64,70,71,62,74,75,74,71,33,1,1,1,37,23,45,12,32,35,34,74,29,28,26,34,54,06/01/2026,14,0,N
LF,Eric Davis,Right,Right,37,46,71,124,74,64,58,103,76,52,1,1,1,5,1,1,1,5,1,-,-,-,7,1,5,6,59,108,76,80,67,89,70,71,54,05/14/2026,7,0,N
RP,Carl Edwards Jr.,Right,Right,49,34,1,38,21,49,34,1,38,21,68,64,78,68,75,67,76,71,27,-,-,-,18,27,48,16,-,-,-,56,22,17,19,30,54,06/01/2026,24,0,N
RP,Yaramil Hiraldo,Right,Right,23,25,5,26,22,23,25,5,26,22,82,75,72,53,88,79,82,66,16,1,1,2,26,37,57,21,12,16,30,77,17,12,6,33,54,06/01/2026,16,6,N
1B,Tommy McCraw,Left,Left,68,73,78,66,78,62,76,64,76,88,1,1,1,2,1,1,1,2,1,-,-,-,41,43,38,31,8,3,9,64,77,88,83,84,54,03/13/2026,6,0,N
RF,Bill Nicholson,Left,Right,16,71,84,73,105,31,98,90,104,74,1,1,1,1,1,1,2,1,1,-,-,-,5,4,2,1,68,93,54,71,42,49,25,45,54,03/13/2026,6,0,N
3B,Jim Tabor,Right,Right,66,71,88,68,101,75,85,117,55,89,1,1,1,1,1,1,1,1,1,-,-,-,86,47,81,41,6,1,1,69,66,71,72,81,54,07/02/2026,9,0,N
RP,Craig Yoho,Right,Right,24,24,21,29,17,23,23,19,27,16,80,63,81,74,85,64,80,77,18,1,1,1,34,38,67,22,37,39,70,83,27,24,28,28,54,07/06/2026,29,6,N
2B,Nick Yorke,Right,Right,75,77,60,75,75,76,78,61,73,73,1,5,75,1,1,5,76,1,3,3,3,1,55,62,52,54,43,50,48,54,44,75,52,66,54,06/01/2026,15,0,N
LF,Glenn Braggs,Right,Right,48,36,88,79,84,61,50,83,69,70,1,1,1,5,1,1,2,5,1,-,-,-,3,9,8,9,47,47,55,49,73,79,71,75,53,03/13/2026,7,0,N
RF,Lonnie Chisenhall,Left,Right,71,92,64,56,95,76,85,55,60,97,1,1,1,7,1,1,1,7,1,-,-,-,50,57,65,40,64,85,71,75,67,86,22,81,53,03/13/2026,6,0,N
SP,Chris Haney,Left,Left,1,3,1,3,1,1,3,1,3,2,47,130,78,96,45,105,69,63,77,-,-,-,28,20,24,23,9,4,10,56,5,6,4,5,53,06/18/2026,7,0,N
RP,Nolan Hoffman,Right,Right,29,16,18,15,12,28,18,16,13,13,73,65,68,69,80,67,74,74,21,2,2,4,27,27,54,4,16,54,18,67,20,16,17,26,53,06/01/2026,18,6,N
SP,Kade Morris,Right,Right,7,7,7,7,12,7,7,7,7,12,60,75,72,67,62,77,80,73,50,1,1,1,21,26,27,14,4,4,4,52,15,7,19,18,53,07/06/2026,50,9,N
LF,Wayne Nordhagen,Right,Right,59,116,104,24,113,50,78,84,31,93,1,1,1,1,1,1,1,1,1,-,-,-,10,6,9,1,43,40,62,45,29,6,14,21,53,03/13/2026,6,0,N
RF,Grady Sizemore,Left,Left,73,70,98,87,107,89,86,73,74,96,1,1,1,1,1,1,1,1,1,-,-,-,6,8,6,1,49,55,68,57,46,50,49,70,53,05/14/2026,11 797,0,Y
3B,Sung-mun Song,Left,Right,62,70,69,77,73,64,72,71,81,76,1,4,61,1,1,4,62,1,6,1,1,2,73,70,70,66,53,55,59,70,56,81,43,40,53,06/01/2026,14,0,N
SS,Luis Aparicio,Right,Right,72,50,19,85,158,81,70,19,68,99,1,1,1,5,1,1,1,5,1,-,-,-,103,89,73,78,9,6,8,95,97,101,91,87,52,03/13/2026,6,0,N
RP,Josh Ekness,Right,Right,16,17,10,18,17,16,17,10,18,17,73,62,76,78,75,63,78,79,19,1,1,1,19,14,14,20,31,33,31,36,13,12,15,12,52,06/01/2026,18,6,N
SP,Lazaro Estrada,Right,Right,13,36,8,29,27,13,35,8,28,26,65,76,76,57,67,77,79,60,48,1,1,1,31,49,50,25,14,18,27,85,11,12,3,18,52,07/06/2026,36,0,N
C,Rafael Flores Jr.,Right,Right,83,82,78,75,59,80,78,74,72,56,1,1,75,1,1,1,81,1,1,48,50,54,20,12,14,22,22,19,18,42,16,16,14,30,52,07/06/2026,33,6,N
3B,Leo Gomez,Right,Right,26,61,85,86,84,41,83,91,80,75,1,1,1,2,1,1,2,2,1,-,-,-,56,62,69,38,6,8,5,55,24,11,14,14,52,03/13/2026,7,0,N
RP,Peyton Gray,Right,Right,25,17,4,13,31,27,15,4,15,30,85,73,78,56,89,74,81,61,24,1,1,1,25,32,55,15,6,13,16,71,18,16,15,23,52,06/01/2026,20,0,N
CF,Marquis Grissom,Right,Right,86,64,44,58,88,64,70,50,57,85,1,1,1,2,1,1,1,2,1,-,-,-,2,1,5,4,73,56,110,68,98,103,101,107,52,03/13/2026,6,0,N
1B,Lou Limmer,Left,Left,19,58,88,66,69,20,79,97,78,95,1,1,1,1,1,1,1,1,1,-,-,-,53,26,36,31,5,7,7,68,59,52,45,65,52,03/13/2026,6,0,N
LF,Tommy Pham,Right,Right,78,65,61,93,72,75,72,59,83,69,1,1,75,1,1,1,75,1,3,6,6,5,17,29,23,17,50,49,59,54,34,73,42,67,52,06/01/2026,17,0,N
RF,Gabriel Rincones Jr.,Left,Right,51,68,75,79,47,57,67,78,83,61,1,1,80,1,1,1,83,1,1,2,2,1,35,44,60,41,61,62,68,66,41,77,61,54,52,07/06/2026,34,6,N
1B,Rowdy Tellez,Left,Left,30,61,91,81,72,15,83,98,82,92,1,1,2,1,1,1,1,1,1,-,-,-,22,101,51,31,1,3,8,69,23,67,11,39,52,03/13/2026,7,0,N
LF,Tommy Troy,Right,Right,69,75,63,80,74,66,73,61,76,72,1,1,71,1,1,1,74,1,1,1,1,3,66,75,54,70,72,66,50,79,58,79,59,67,52,06/01/2026,24,6,N
1B,Esmerlyn Valdez,Right,Right,67,80,88,81,57,65,78,85,78,55,1,2,72,1,1,3,75,1,4,1,1,1,16,21,13,4,58,61,59,30,35,58,15,52,52,06/01/2026,26,6,N
1B,Shay Whitcomb,Right,Right,73,66,88,72,57,72,65,86,67,52,1,9,75,1,1,9,81,1,3,1,1,2,61,45,54,53,60,48,45,75,41,81,59,50,52,06/01/2026,23,0,N
RP,Franco Aleman,Right,Right,22,11,1,14,15,22,11,1,14,15,81,62,72,68,82,65,79,77,21,2,2,4,12,18,59,10,13,29,40,42,17,21,11,20,51,06/01/2026,24,0,N
RP,Blas Castano,Right,Right,25,21,6,26,27,25,21,6,25,26,63,74,72,68,67,75,77,71,31,1,1,3,40,23,40,16,9,23,25,76,7,3,10,6,51,06/01/2026,24,0,N
3B,Cheslor Cuthbert,Right,Right,77,77,66,58,97,65,68,64,64,90,1,1,1,2,1,1,1,2,1,-,-,-,51,49,65,29,4,8,7,43,16,16,7,29,51,03/13/2026,7,0,N
2B,Derek Dietrich,Left,Right,55,25,18,49,53,25,28,135,121,87,1,1,1,9,1,1,1,9,1,-,-,-,50,68,41,70,46,70,58,61,56,58,17,51,51,05/07/2026,4 660,0,Y
2B,Jim Jarvis,Left,Right,43,62,42,63,75,61,75,43,69,81,1,8,75,1,1,8,76,1,7,2,2,2,78,81,68,75,65,76,69,89,41,74,59,51,51,06/01/2026,14,12,N
SP,John Maine,Right,Right,1,3,1,5,2,1,6,1,2,1,89,52,91,56,96,90,78,73,61,-,-,-,27,20,23,23,2,6,5,54,13,6,4,22,51,07/21/2026,69,10,N
RP,Pedro Martinez,Left,Left,1,3,1,3,1,1,3,1,3,1,80,84,137,33,87,42,128,91,12,-,-,-,27,20,23,23,1,9,5,55,13,6,3,21,51,04/01/2026,11 114,1 556,N
C,Jhonny Pereda,Right,Right,77,53,43,84,69,76,55,48,82,67,1,8,77,1,1,8,77,1,9,59,57,70,26,28,52,11,30,30,54,57,2,6,10,37,51,06/01/2026,13,0,N
RP,Chase Petty,Right,Right,30,27,14,17,17,30,27,14,17,17,64,71,80,64,68,72,85,70,37,3,3,3,17,29,60,6,13,23,20,58,12,14,9,13,51,06/01/2026,22,0,N
LF,Austin Slater,Right,Right,84,63,59,88,61,84,62,56,84,52,1,1,76,1,1,1,76,1,4,3,3,4,36,48,41,34,69,72,61,27,50,72,34,61,51,06/01/2026,32,0,N
SP,Sean Sullivan,Right,Left,7,17,12,15,15,7,17,12,15,15,63,77,83,61,63,79,74,59,53,1,1,1,19,24,18,22,43,49,42,47,28,22,37,26,51,07/06/2026,34,6,N
RF,Sterlin Thompson,Left,Right,75,87,63,69,66,75,86,68,71,68,1,7,75,1,1,7,78,1,10,3,3,1,44,57,65,46,61,57,68,65,64,70,41,46,51,06/01/2026,20,0,N
RP,Carlos Carrasco,Right,Right,34,21,5,21,33,33,19,5,19,32,60,87,65,62,62,89,68,65,37,-,-,-,30,69,55,19,-,-,-,95,17,12,10,28,50,06/01/2026,26,0,N
LF,Billy Cook,Right,Right,72,82,67,74,59,74,71,65,65,57,1,3,72,1,1,3,77,1,2,1,1,2,32,35,44,22,71,67,79,85,65,82,65,56,50,06/01/2026,20,0,N
C,Jimmy Crooks,Left,Right,73,76,66,72,52,74,78,70,74,60,1,2,72,1,1,2,75,1,9,55,58,65,21,22,43,18,10,24,21,54,43,16,4,29,50,07/06/2026,35,6,N
SS,Denzer Guzman,Right,Right,72,72,67,76,62,72,71,68,73,53,1,3,74,1,1,2,77,1,4,1,1,1,76,79,71,75,70,69,56,70,39,70,43,50,50,07/06/2026,30,0,N
C,Doug Mirabelli,Right,Right,76,49,106,80,48,64,68,58,110,60,1,1,1,7,1,1,1,7,1,76,72,81,9,10,3,7,9,5,8,78,5,6,4,5,50,06/09/2026,7,0,N
LF,Nick Morabito,Right,Right,72,66,49,80,67,73,66,39,73,69,1,1,75,1,1,1,78,1,1,3,3,3,57,50,40,51,84,82,49,95,85,83,87,71,50,06/01/2026,21,0,N
RP,Eli Morgan,Right,Right,32,13,1,15,8,32,13,1,15,8,67,71,75,49,77,83,78,68,23,1,1,1,15,27,54,20,11,21,53,54,19,16,16,26,50,06/01/2026,14,0,N
SP,Mike Paredes,Right,Right,21,23,18,17,35,21,23,18,17,35,52,76,76,61,57,77,81,66,56,1,1,1,23,27,46,16,29,26,35,61,39,40,33,44,50,07/06/2026,37,16,N
C,Cesar Salazar,Left,Right,44,52,56,75,71,46,62,65,85,76,1,1,72,1,1,1,75,1,3,61,62,65,42,45,50,39,32,32,57,59,10,67,19,38,50,06/01/2026,27,0,N
LF,Ryan Ward,Left,Right,57,72,84,71,48,55,75,86,73,60,1,1,74,1,1,1,75,1,1,1,1,4,34,35,43,34,64,62,55,71,67,70,43,61,50,06/01/2026,29,0,N
RP,Tanner Andrews,Right,Right,19,20,8,11,23,19,20,8,11,23,68,65,71,62,74,70,81,76,24,3,3,4,33,18,44,3,8,39,38,62,7,2,6,13,49,07/06/2026,78,6,N
SS,Orlando Arcia,Right,Right,58,64,63,65,82,51,62,64,63,81,1,7,76,1,1,7,76,1,1,-,-,-,79,76,83,79,63,57,71,76,7,11,13,71,49,06/01/2026,12,0,N
CF,Steward Berroa,Switch,Right,80,69,41,83,53,78,71,50,87,51,1,1,80,1,1,1,80,1,-,-,-,-,32,40,44,30,77,70,50,65,95,86,98,76,49,07/06/2026,34,15,N
SP,John Danks,Left,Left,1,3,1,3,1,1,3,1,3,1,60,74,40,100,67,62,79,68,77,-,-,-,35,33,30,23,5,5,4,77,16,6,5,26,49,07/04/2026,8,6,N
RP,Nick Davila,Right,Right,16,13,3,13,15,16,13,3,13,15,60,66,75,69,63,67,80,74,34,1,1,2,29,33,59,15,6,16,22,76,13,19,7,14,49,06/01/2026,39,0,N
CF,Jhostynxon Garcia,Right,Right,74,76,73,68,59,73,76,72,68,58,1,4,76,1,1,4,79,1,4,1,1,2,15,17,16,4,76,73,58,64,78,70,34,52,49,07/06/2026,40,9,N
RP,Paul Gervase,Right,Right,16,7,10,11,20,16,7,10,11,20,82,59,75,63,84,60,80,66,19,1,1,1,12,17,19,17,30,24,25,32,16,14,22,11,49,06/01/2026,26,0,N
1B,LuJames Groover,Right,Right,64,73,60,73,82,65,72,58,70,81,1,6,76,1,1,6,79,1,5,1,1,1,50,61,60,45,48,51,47,78,7,58,14,39,49,07/06/2026,51,6,N
RP,Gavin Hollowell,Right,Right,38,34,14,28,19,38,34,14,28,19,75,56,75,68,82,58,87,75,17,2,2,1,29,22,49,23,10,18,35,66,9,13,6,8,49,07/06/2026,30,0,N
3B,Charles McAdoo,Right,Right,66,81,80,75,62,66,73,75,71,55,1,6,75,1,1,6,81,1,5,1,1,1,54,56,70,51,62,52,66,54,57,81,73,51,49,07/06/2026,46,0,N
LF,Yohendrick Pinango,Left,Left,65,70,68,68,67,68,72,73,71,69,1,1,79,1,1,3,76,1,5,1,1,2,9,27,39,4,59,68,59,67,39,70,24,60,49,06/01/2026,17,0,N
RP,Tyler Schweitzer,Left,Left,14,13,10,14,19,14,13,10,14,19,60,70,75,67,58,70,73,64,34,1,1,1,35,25,54,9,33,31,31,74,28,17,35,33,49,06/01/2026,14,0,N
SS,Zack Short,Right,Right,45,56,66,99,60,43,54,64,94,49,1,1,81,1,1,1,81,1,1,1,1,1,65,72,62,65,56,54,59,54,12,67,24,61,49,06/01/2026,25,0,N
C,Christian Vazquez,Right,Right,52,64,66,70,86,50,62,58,68,86,1,1,81,1,1,1,81,1,-,78,83,67,11,43,78,6,15,9,77,79,7,58,14,39,49,05/04/2026,16,0,N
C,Eliezer Alfonzo,Switch,Right,55,71,50,77,100,57,69,54,71,101,1,1,74,1,1,1,74,1,1,79,78,56,25,25,43,13,54,45,59,72,39,6,7,53,48,07/10/2026,9,6,N
CF,Tony Armas,Right,Right,49,74,114,61,66,61,88,133,45,34,1,1,1,5,1,1,1,5,1,-,-,-,9,6,9,10,66,87,54,51,40,6,10,60,48,06/23/2026,9,0,N
SS,Tim Beckham,Right,Right,99,60,79,72,54,115,70,74,50,47,1,1,1,2,1,1,1,2,1,-,-,-,82,44,71,59,5,3,4,58,74,47,46,66,48,05/07/2026,7,0,N
C,Billy Bryan,Left,Right,127,132,23,39,23,84,72,100,79,55,1,1,1,9,1,1,1,9,1,35,55,49,1,2,4,8,4,9,3,40,47,6,5,50,48,06/25/2026,5 932,0,Y
3B,Bobby Cox,Right,Right,78,74,73,97,65,66,49,56,75,70,1,1,1,7,1,1,1,7,1,-,-,-,61,63,67,47,2,6,10,58,28,43,25,54,48,05/12/2026,6,0,N
SP,Lou Kretlow,Right,Right,3,2,1,8,1,1,5,1,6,2,66,42,113,63,76,50,140,62,59,-,-,-,33,20,25,23,9,9,10,62,12,6,5,19,48,06/04/2026,7,0,N
SP,Mark Langston,Right,Left,1,3,1,3,1,1,3,1,3,1,120,63,64,72,103,51,60,60,77,-,-,-,35,15,26,28,3,7,3,61,5,6,3,5,48,06/23/2026,7,0,N
RP,Wilkin Ramos,Right,Right,30,34,5,17,23,30,34,5,17,23,65,59,66,83,64,58,75,87,19,2,2,3,28,28,54,10,8,18,34,69,18,11,16,28,48,07/06/2026,35,0,N
RP,Gavin Collyer,Right,Right,44,24,4,18,18,44,24,4,18,18,84,42,82,64,92,43,87,70,17,2,2,2,19,17,56,7,8,24,28,48,25,11,14,49,47,06/01/2026,28,0,N
3B,Jeff Kent,Right,Right,39,74,105,100,57,76,123,111,72,37,1,1,1,7,1,1,1,7,1,-,-,-,61,57,43,69,9,9,8,44,52,32,35,67,47,07/23/2026,287,77,N
RF,Trey Mancini,Right,Right,72,62,80,60,62,70,62,77,59,60,1,6,76,1,1,6,76,1,8,2,2,2,27,29,57,19,51,49,60,50,2,16,4,44,47,07/06/2026,26,6,N
RP,Trevor Martin,Right,Right,17,20,18,16,17,17,20,18,16,17,63,76,76,50,66,77,80,53,20,1,1,1,13,31,11,34,4,4,4,48,14,13,12,18,47,06/01/2026,38,0,N
SS,Jorge Mateo,Right,Right,52,81,77,41,55,78,112,63,52,64,1,1,1,1,1,1,2,1,1,-,-,-,103,63,76,85,4,8,4,88,114,101,94,111,47,03/13/2026,6,0,N
RP,Samy Natera Jr.,Left,Left,18,17,12,5,27,18,17,12,5,27,87,49,85,63,82,47,81,60,34,1,1,1,37,32,50,12,23,24,29,79,21,31,18,16,47,07/06/2026,24,0,N
CF,Rikuu Nishida,Left,Right,61,41,14,77,82,65,50,24,80,87,1,1,75,1,1,1,81,1,5,1,1,1,58,77,46,59,69,79,47,53,82,76,71,66,47,07/06/2026,34,6,N
RF,Bobby Abreu,Left,Right,52,90,1,97,43,79,68,58,75,55,1,1,1,5,1,1,1,5,1,-,-,-,1,8,4,2,78,81,109,105,64,94,69,43,46,05/12/2026,7,0,N
RP,Robby Ahlstrom,Left,Left,24,21,6,13,20,24,21,6,13,20,70,56,78,62,71,57,76,64,23,1,1,1,51,18,44,3,11,48,31,79,15,7,11,27,46,07/06/2026,36,6,N
1B,Victor Bericoto,Right,Right,72,65,69,62,66,70,64,67,60,65,1,1,75,1,1,1,78,1,5,1,1,1,28,29,39,13,53,63,62,46,45,9,14,47,46,06/01/2026,18,0,N
RP,Yovanny Cruz,Right,Right,27,16,1,20,29,27,16,1,20,29,80,59,77,61,76,56,81,60,19,2,2,2,39,57,43,33,3,3,3,93,22,21,20,24,46,06/01/2026,34,0,N
3B,Eduardo Escobar,Switch,Right,38,83,90,58,83,56,93,75,68,77,1,1,1,1,1,1,2,1,1,-,-,-,40,52,56,35,3,7,7,36,41,6,16,46,46,03/13/2026,6,0,N
SS,Cristian Guzman,Switch,Right,80,76,38,34,91,63,61,45,38,102,1,1,1,2,1,1,1,2,1,-,-,-,84,50,75,73,3,3,5,66,70,55,45,80,46,03/13/2026,7,0,N
LF,Eloy Jimenez,Right,Right,51,57,75,66,77,55,58,73,62,77,1,3,77,1,1,3,77,1,4,1,1,1,11,20,18,7,46,56,52,50,2,16,3,50,46,06/01/2026,19,0,N
SP,Kirt Ojala,Left,Left,54,80,1,101,55,54,10,1,41,21,70,68,40,78,55,52,78,73,41,-,-,-,27,20,23,23,7,2,9,55,15,6,5,24,46,06/11/2026,7,0,N
CF,Jose Tartabull,Left,Left,39,24,1,24,119,72,82,1,45,190,1,1,1,1,1,1,1,1,1,-,-,-,2,4,6,5,73,119,45,64,53,45,51,58,46,06/18/2026,8,0,N
RP,Ricky Vanasco,Right,Right,16,21,19,18,37,14,19,18,16,36,80,57,71,63,76,55,70,60,23,3,3,1,26,50,57,19,26,31,56,83,29,23,29,36,46,06/01/2026,24,0,N
CF,Maurice Archdeacon,Left,Left,131,98,1,115,31,124,39,1,113,50,1,1,1,3,1,1,1,3,1,-,-,-,6,9,8,4,76,45,74,65,112,65,62,115,45,06/04/2026,6,0,N
C,Kevin Brown,Right,Right,110,74,10,64,46,70,84,74,79,55,1,1,1,1,1,1,1,1,1,79,66,55,4,5,10,5,1,10,2,66,18,6,4,32,45,06/19/2026,8,0,N
2B,Tsung-Che Cheng,Left,Right,63,76,35,77,52,62,69,41,80,61,1,1,72,1,1,1,77,1,1,2,2,2,68,76,64,69,53,50,54,76,90,73,72,66,45,07/06/2026,29,9,N
CF,Jordan Danks,Left,Right,64,98,1,75,49,91,49,75,92,42,1,1,1,2,1,1,1,2,1,-,-,-,6,1,3,8,70,54,44,52,67,83,59,50,45,07/04/2026,8,6,N
SP,Tin Can Kincannon,Right,Right,94,1,1,38,40,81,1,1,37,39,93,69,33,74,89,74,39,90,74,1,1,1,29,21,22,19,2,6,6,57,16,6,4,28,45,07/09/2026,13,0,N
RP,TJ Shook,Right,Right,25,36,12,35,27,25,36,12,35,27,62,66,71,61,64,68,70,65,44,2,2,2,33,26,64,7,12,17,35,75,14,19,4,20,45,07/06/2026,48,6,N
RP,Beck Way,Right,Right,19,24,7,26,22,19,24,7,26,22,58,51,74,64,68,58,79,74,27,2,2,2,23,33,58,19,6,16,28,71,14,10,2,29,45,07/06/2026,34,15,N
RP,Rick Camp,Right,Right,82,3,120,14,51,55,3,1,73,26,36,34,66,120,49,81,79,63,43,-,-,-,23,13,19,23,4,1,9,42,11,6,5,17,44,07/02/2026,14,0,N
1B,Bob Horner,Right,Right,80,74,75,122,111,44,40,41,115,115,1,1,1,7,1,1,1,7,1,-,-,-,25,43,31,31,1,7,10,52,17,6,4,29,44,06/30/2026,7,0,N
2B,Rafael Landestoy,Switch,Right,83,82,30,59,164,40,65,1,79,74,1,1,1,7,1,1,1,7,1,-,-,-,59,73,41,75,59,60,48,68,90,79,81,85,44,06/04/2026,7,0,N
SS,Cesar Prieto,Left,Right,67,78,39,49,76,68,80,49,55,81,1,4,74,1,1,2,75,1,4,4,4,5,65,74,52,64,54,49,57,52,44,62,55,48,44,06/01/2026,27,0,N
3B,Eguy Rosario,Right,Right,122,168,90,1,18,28,1,1,63,84,1,1,1,1,1,1,1,1,1,-,-,-,78,94,71,39,7,8,6,80,13,6,3,22,44,04/03/2026,231,147,N
3B,Eguy Rosario,Right,Right,122,168,90,1,18,28,1,1,63,84,1,1,1,1,1,1,1,1,1,-,-,-,78,94,71,39,7,8,6,80,13,6,3,22,44,04/03/2026,231,147,N
CF,Mel Almada,Left,Left,69,58,7,48,73,74,64,33,72,140,1,1,1,3,1,1,1,3,1,-,-,-,10,4,5,2,87,45,93,84,63,69,55,70,43,05/01/2026,7,0,N
RP,Eddie Gamboa,Right,Right,1,3,1,3,1,1,3,1,3,1,69,62,58,90,63,26,80,67,25,-,-,-,28,22,24,24,6,2,1,58,9,6,3,15,43,06/09/2026,7,0,N
SS,Hal Lanier,Right,Right,82,30,1,53,200,33,31,1,50,82,1,1,1,7,1,1,1,7,1,-,-,-,122,61,108,106,8,4,6,117,64,6,8,83,43,06/23/2026,9,0,N
SS,Roger Metzger,Switch,Right,83,50,1,68,46,80,81,12,61,109,1,1,1,4,1,1,1,4,1,-,-,-,69,117,69,82,6,1,9,80,77,55,49,60,43,05/07/2026,7,0,N
RF,Sammy Sosa,Right,Right,87,98,115,66,48,78,100,34,37,33,1,1,1,3,1,1,1,3,1,-,-,-,8,2,7,2,84,35,103,101,102,98,91,109,43,06/04/2026,7,0,N
C,Al Spohrer,Right,Right,92,65,40,69,130,52,50,1,55,92,1,1,1,7,1,1,1,7,1,52,53,51,1,2,8,3,5,2,4,44,64,89,43,47,43,05/21/2026,7,0,N
C,Chadwick Tromp,Right,Right,51,63,70,63,63,46,57,64,60,56,1,1,75,1,1,1,75,1,1,65,69,69,24,39,54,10,20,34,47,66,3,16,6,40,43,06/01/2026,14,0,N
LF,Luke Williams,Right,Right,56,65,65,64,58,57,63,53,60,51,4,47,71,30,5,57,76,33,15,1,1,1,71,66,62,47,70,66,65,80,72,95,97,56,43,06/01/2026,29,0,N
C,Paddy O'Connor,Right,Right,80,94,1,18,122,41,55,1,55,44,1,1,2,3,1,1,1,3,1,66,59,57,36,53,53,40,6,4,10,57,14,6,4,23,41,03/17/2026,214,100,N
C,Paddy O'Connor,Right,Right,80,94,1,18,122,41,55,1,55,44,1,1,2,3,1,1,1,3,1,66,59,57,36,53,53,40,6,4,10,57,14,6,4,23,41,03/17/2026,214,100,N
C,Paddy O'Connor,Right,Right,80,94,1,18,122,41,55,1,55,44,1,1,2,3,1,1,1,3,1,66,59,57,36,53,53,40,6,4,10,57,14,6,4,23,41,03/17/2026,214,100,N
C,Paddy O'Connor,Right,Right,80,94,1,18,122,41,55,1,55,44,1,1,2,3,1,1,1,3,1,66,59,57,36,53,53,40,6,4,10,57,14,6,4,23,41,03/17/2026,214,100,N
1B,Bunny Brief,Right,Right,77,82,70,80,77,32,28,48,38,21,1,1,1,7,1,1,1,7,1,-,-,-,40,34,35,31,42,31,1,59,47,61,59,44,40,04/03/2026,325,250,N
1B,Bunny Brief,Right,Right,77,82,70,80,77,32,28,48,38,21,1,1,1,7,1,1,1,7,1,-,-,-,40,34,35,31,42,31,1,59,47,61,59,44,40,04/03/2026,325,250,N
SS,John Gochnauer,Right,Right,31,71,1,117,68,18,62,1,82,62,1,1,1,1,1,1,1,1,1,-,-,-,85,2,76,76,7,10,2,7,62,86,79,62,40,05/26/2026,403,250,N
SS,John Gochnauer,Right,Right,31,71,1,117,68,18,62,1,82,62,1,1,1,1,1,1,1,1,1,-,-,-,85,2,76,76,7,10,2,7,62,86,79,62,40,05/26/2026,403,250,N
SS,John Gochnauer,Right,Right,31,71,1,117,68,18,62,1,82,62,1,1,1,1,1,1,1,1,1,-,-,-,85,2,76,76,7,10,2,7,62,86,79,62,40,05/26/2026,403,250,N
1B,John McGuinness,Switch,Right,77,71,1,18,56,66,66,1,21,60,1,1,1,1,1,1,1,1,1,-,-,-,41,26,32,31,6,10,4,49,33,49,24,26,40,03/17/2026,243,155,N
1B,John McGuinness,Switch,Right,77,71,1,18,56,66,66,1,21,60,1,1,1,1,1,1,1,1,1,-,-,-,41,26,32,31,6,10,4,49,33,49,24,26,40,03/17/2026,243,155,N
