# cwhit (DCFC) upload, 2026-10-04: our file -> the filename his sheet expects. Every row is one his sheet lists as Missing.
# Columns: our_file, his_filename, his_tournament, his_date, sha256 (as filed), max_card_year (blank = no check), note
allstarhardwareslots_189.csv	ashhslots_189.csv	All-Star Hardware Slots	09/22/26	dc2aff59c5b995d207a6ae98d32c5d6c6656b882d7e994cba5c040c49833a8c5		renamed slug (allstarhardwareslots -> ashhslots), same run id
bronze10to50_161.csv	bronze10to59_161.csv	Bronze 1910-59	08/26/26	7cd6208ea70dcd1e1cbcd20b7230b8f6cf59a02bd09632ec071114759776d0e5		renamed slug (bronze10to50 -> bronze10to59), same run id
bronze10to50_184.csv	bronze10to59_184.csv	Bronze 1910-59	09/18/26	e446b4314e8dae5b00b4e5e7606ee9613df0bc32427a1e475ae215f83f9e7445		renamed slug (bronze10to50 -> bronze10to59), same run id
bronzeonlycapdaily_199.csv	bronzeonlycapdaily_199.csv	Bronze Only Cap Daily	09/28/26	e502f4042150d681f89e687d9f347186406a35218412bc968bcbddb33c717f99		
bronzeonlycapdaily_200.csv	bronzeonlycapdaily_200.csv	Bronze Only Cap Daily	09/29/26	ffca9a2543c256ca796c8032d83ce9b95263d7e62d57fef07f125ed8be1b93d7		
bronzeonlycapdaily_201.csv	bronzeonlycapdaily_201.csv	Bronze Only Cap Daily	09/30/26	fe5ba6e9faab691aa0037e3b4f6fc326267bda7a4b5defc0d460f374cd39732a		
bronzeootp_166.csv	bronzeootp_166.csv	Bronze OOTP Era	09/12/26	bbb8457a8cd67bde9d60613927885738d43fb4ce759b2e6777ef8a4726585f38		
bronzeootp_179.csv	bronzeootp_179.csv	Bronze OOTP Era	09/25/26	02c521c9184243e9a435a1dd069b551fa4a1c444cd02506c352e063611e91dac		
bronzeootp_180.csv	bronzeootp_180.csv	Bronze OOTP Era	09/26/26	58d25af7087d4dc3fa7771812024a1b399d56724234a1260585f807b6a090ead		
bronzeptcs3_100.csv	bronzeptcs3_100.csv	Bronze PTCS 3 Replay Slots	09/03/26	60058a3bdfb22ea5cebbf559b297a49058ecfb42f951fca94174bb3cfb434790		
bronzeptcs3_120.csv	bronzeptcs3_120.csv	Bronze PTCS 3 Replay Slots	09/23/26	84e427af651379c70402206ef3ab148784facc779fbfb13c4aa014bf91b25cc5		
bronzeptcs3_121.csv	bronzeptcs3_121.csv	Bronze PTCS 3 Replay Slots	09/24/26	711be5f9670b815b1d1c87e171f8fa2e8367f8e4d5b7ff843908815fe92ddf28		
bronzeptcs3_122.csv	bronzeptcs3_122.csv	Bronze PTCS 3 Replay Slots	09/25/26	a5e057c50caf768c7aad16f0482b420824b3ed95addf500f76174019211335e0		
bronzeptcs3_123.csv	bronzeptcs3_123.csv	Bronze PTCS 3 Replay Slots	09/26/26	a8045cf852bbf83073079fedc09c858fbbfa6cee2c6e4bfd2ad30cf7e7aad8dd		
bronzeptcs3_124.csv	bronzeptcs3_124.csv	Bronze PTCS 3 Replay Slots	09/27/26	b4926b1501eca6a38a92315829423b00a71b056870c3620e3aeeb16ee9a04b90		
bronzeptcs3_125.csv	bronzeptcs3_125.csv	Bronze PTCS 3 Replay Slots	09/28/26	56a22a6aa82e64bbedf202e8474f851b80c0f75ea26d8bcb9ae5677b06ec10ef		
bronzeptcs3_89.csv	bronzeptcs3_89.csv	Bronze PTCS 3 Replay Slots	08/23/26	27c0263e484bbdc3b6517bb4bfc94428d475bfb0cf758d4e633872bc03c4fe60		
bronzesequel_156.csv	bronzesequel_156.csv	Bronze Sequel	08/21/26	86683498eb7e63a319d1b069578e9e9e42beef2275d9c2808b6294681805c8c7		
c4q1_20.csv	c4q5_3.csv	Thursday Cwhit's Cap Challenge 5	10/01/26	83d5265d1c12b6b6bf63bfc7a254072254e7f0218f3e9ff782eb16baef172aa2		CC5 run 20 (Thu 10-01) = his c4q5 #3; his numbering restarted at 0 on 09-10
deadballweekly_28.csv	deadballweekly_28.csv	Wednesday Night of the Living Deadball	09/30/26	2927ea98ca2bc51970918bb2dc270a52c62868e8cbe8a1a4c47eab8b4886e7b4		
upto1969weekly_28.csv	deadsilverwalking_28.csv	Tuesday Dead Silver Walking	09/29/26	c6248ba7dc7d2f4cc88ba1fb2419216442c4738a8ac16a4718e970a384441776	1919	Tuesday 09-29 ran the new Dead Silver Walking format; filed here under the old slug. the folder script checks every card is 1919 or earlier
diamondandfriends_105.csv	diamondandfriends_105.csv	Diamond & Friends	09/08/26	917495ef9e1a8170968d39b19dbe22e124d6486b030c332234119900d3623c55		
diamonddaily_184.csv	diamonddaily_184.csv	Daily Diamond	09/14/26	c978ea7164d07b1d8bfb9c7fc4344cf96564ae085cc78fd66cf46bff320037a8		
diamondheart_162.csv	diamondheart_162.csv	Diamond Heart	09/09/26	80d8b44fcf07050e7a6d3303789e290bcd56c7767389a93f87695834da9d7a93		
diamondheart_163.csv	diamondheart_163.csv	Diamond Heart	09/10/26	78675716f0d2e3e1fb851a9fa2a1ac762806673d4176fe5fc130200cd4c97778		
diamondslotsdaily_184.csv	diamondjumbleslots_184.csv	Diamond Jumble Slots Daily	09/13/26	a9346e69545a1fd304ff8522c1e43561138c093d10da78d4e00cbc0afbbd8b2a		renamed slug (diamondslotsdaily -> diamondjumbleslots), same run id
diamondslotsdaily_161.csv	diamondslotsdaily_161.csv	Diamond Slots Daily	08/21/26	836038e3e89644679cfd013fd3a0f69a3de94968afe39e7b0b488949e34e8f0f		
diamondvariety_27.csv	diamondvariety_27.csv	Saturday Diamond Variety	09/19/26	1a94cd0361106e436af251df49dbed41c95b9f09ec71922f7ebeab312dd07c54		
earlybronze_189.csv	earlybronze_189.csv	Early Bronze	09/19/26	bce295f18b3f6a1ec7cc3cfc917ec15904aadc7e417ca8f5bb62055404bb0fce		
earlybronze_197.csv	earlybronze_197.csv	Early Bronze	09/27/26	6d979c1f8fe448e3786d77c5fe336f773d4e7c0761f786f81c4802fa958e087e		
earlyyearscap_192.csv	earlyyearscap_192.csv	Early Years Cap	09/26/26	7d0c7c41283a368cd9b1eccde328380471241d02fd7e81eb9cf8c89e9642448d		
goldfloorcapweekly_27.csv	goldfloorcapweekly_27.csv	Monday Gold Floor Cap	09/21/26	989d66d0407f5395213a875565b9d4f46ca3489864caf202770975a615783e96		
latesilver_184.csv	latesilver_184.csv	Late Silver	09/13/26	e8a519f6b13b8cb87946ecc4089509e823fedce3d0e2b709b7bbc6ed959c1532		
latesilver_189.csv	latesilver_189.csv	Late Silver	09/18/26	ef93ee2893c013be8ad2f404e7879406a7e6c8be8a9706ceea6a3e53ae612879		
latesilver_190.csv	latesilver_190.csv	Late Silver	09/19/26	4e7738f35a706eb693ea23ffeca099525d34f844db764bd8d52a4d9245ba7d84		
liveopendaily_191.csv	liveopendaily_191.csv	Live Open Daily	09/20/26	1a5542bb9c8bcdb1065034d285c074db2d39c30d59e1e69fad239b1c0b586bf0		
liveplus_171.csv	liveplusdaily_171.csv	Live Plus Daily	09/18/26	c7446e22af5be80a580f79828cffc618843adf483e4d592bb6f045216aa301f3		renamed slug (liveplus -> liveplusdaily), same run id
liveplus_172.csv	liveplusdaily_172.csv	Live Plus Daily	09/19/26	8df8a4c7a46085c45eeacecb4b135efa6b326aa501740bdc2d95e2d63def9c09		renamed slug (liveplus -> liveplusdaily), same run id
liveplus_173.csv	liveplusdaily_173.csv	Live Plus Daily	09/20/26	1fe95bf8695059b752cb9c71f66529396de0519db8b94af34e77ed354f130b91		renamed slug (liveplus -> liveplusdaily), same run id
liveplus_174.csv	liveplusdaily_174.csv	Live Plus Daily	09/21/26	5766ff75c6bb94c631877ab7476fd329efb9537c7f65a625c2903d764ac3dc5b		renamed slug (liveplus -> liveplusdaily), same run id
liveplus_175.csv	liveplusdaily_175.csv	Live Plus Daily	09/22/26	ccca78e7a8eb8c17dd35d7d50ed42e3c6b3a9b4b8cbbff43155951458d2dcc27		renamed slug (liveplus -> liveplusdaily), same run id
liveplus_179.csv	liveplusdaily_179.csv	Live Plus Daily	09/26/26	c1cb38689932ed8f831467c3dccf2bcd825a1a4ee9d1ab21035a9f288f531196		renamed slug (liveplus -> liveplusdaily), same run id
nelslotsweekly_17.csv	nelslotsweekly_17.csv	Saturday Negro Leagues Slots	09/26/26	41b9555eedae243c5ae434d23f93cb2b6c8886328d93c8c3afbd4e8b8af806f1		
openslotsdaily_192.csv	openslotsdaily_192.csv	Open Slots Daily	09/22/26	d4ef86a4bdb1101e7311e5e6eaf8b7bdf4f485cbe57be28b6898a585acdbef90		
openslotsdaily_193.csv	openslotsdaily_193.csv	Open Slots Daily	09/23/26	acfcf0e0a7b8626d6eb264f11f5833165940aa42f159e3a62149b32954717caf		
openslotsdaily_194.csv	openslotsdaily_194.csv	Open Slots Daily	09/24/26	7da5ba4b03dc8b9a25a19f6c4b90e9df895e55a4bbb0736b635a288662e8c52a		
openslotsdaily_195.csv	openslotsdaily_195.csv	Open Slots Daily	09/25/26	7ab76dafd8d1ad5ba8595102fa9abe9d3a047ebdb28163a86f2e0c6679b8bc4d		
openslotsdaily_197.csv	openslotsdaily_197.csv	Open Slots Daily	09/27/26	e5a1fe3e1d28953f6e0846edc2dc3781d8ff9ece8dd11f743a14ebeea14a3962		
openslotsweekly_27.csv	openslotsweekly_27.csv	Sunday Open Slots	09/20/26	7f4a73c58d53b2e01d8e6d7fdba0ca1f5a489d95343f229360362ab59bccaca6		
silverfriendsslots_105.csv	silverandfriends_105.csv	Silver & Friends Slots	09/08/26	995473a8f8406d54fd723befa030087ab687e4a458fb418ddf3788345153d3ce		renamed slug (silverfriendsslots -> silverandfriends), same run id
silverfriendsslots_109.csv	silverandfriends_109.csv	Silver & Friends Slots	09/12/26	e7e0311794e49b9c11e59cb1a6caff64d0d68501b49c8cbfe38e8be3829938b5		renamed slug (silverfriendsslots -> silverandfriends), same run id
silverfriendsslots_111.csv	silverandfriends_111.csv	Silver & Friends Slots	09/14/26	77e5e6640b691e8ce0b8614cc6623919af670f2fe0dba01c4033df8b37c1a891		renamed slug (silverfriendsslots -> silverandfriends), same run id
timetravelersslots_117.csv	timetravelersslots_117.csv	Dr. Dynastic's Time Traveler Slots	09/21/26	81a655206b5c2ae4244a5f3c35efa18c5c43f8baa63512aa61762a0f81a0d09a		
timetravelersslots_118.csv	timetravelersslots_118.csv	Dr. Dynastic's Time Traveler Slots	09/22/26	81a655206b5c2ae4244a5f3c35efa18c5c43f8baa63512aa61762a0f81a0d09a		
