# Clubhouse prices in CS, from L.J.'s screenshots 2026-10-07 (250 cards in the filter; these are the rows shown). Discounts as listed.
name	year	value	cs	released	note
Mark Lemke	1996	48	25	09/30
Masahiro Tanaka	2017	68	40	09/30
Jeremy Affeldt	2012	78	45	09/30
Dave Winfield	1992	81	60	09/30
Derek Lowe	1999	83	60	09/30
Lance McCullers Jr.	2017	86	65	09/30
Enrique Hernandez	Peak	94	100	09/30
Kelvin Herrera	2014	97	100	09/30
Dave Stewart	1989	99	150	09/30
Carlos Beltran	2004	99	190	09/30	owned
Yogi Berra	1956	102	700	09/30
Chase Utley	2009	102	700	09/30
George Brett	1985	103	800	09/30	owned
Mike Lamb	2004	58	30	09/30
Al Oliver	1982	87	75	09/23	owned
Max Scherzer	2022	93	100	09/23
Fernando Rodney	20xx	102	500	09/23
Cecil Fielder	1988	43	20	09/23
Gary Carter	1990	46	25	09/23
Phil Niekro	1985	47	25	09/23
David Justice	2002	53	25	09/23
Matt Williams	1997	58	25	09/23
Paul Waner	194x	61	25	09/23	owned
Steve Sax	19xx	62	30	09/23	owned
Dave Righetti	1995	64	25	09/23
Graig Nettles	1985	66	40	09/23
Kerry Wood	19xx	69	25	09/23	owned
Justin Verlander	20xx	72	50	09/23
Carlos Delgado	19xx	78	60	09/23	owned
Gene Tenace	1982	84	70	09/23
Mitchell Murray	1926	101	500	09/21
Ozzie Guillen	1989	43	25	09/16
Dave Martinez	1989	46	20	09/16
Dave Henderson	1989	50	25	09/16	owned
Greg Gagne	1989	62	35	09/16
Tim Corcoran	1984	64	40	09/16
Rob Murphy	1989	66	25	09/16
Frank Tanana	1989	69	40	09/16
Joe Charboneau	1980	72	50	09/16
Pascual Perez	1989	77	60	09/16
Kal Daniels	1987	82	75	09/16	owned
Mark Davis	1989	84	60	09/16
Ryne Sandberg	1989	87	75	09/16
Mark Langston	1989	91	100	09/16	owned
Fred McGriff	1989	95	140	09/16
Robin Yount	1989	97	150	09/16
Will Clark	1989	100	400	09/16	owned
Willie Hernandez	1984	102	500	09/16	owned
Hank Greenberg	1940	102	630	09/05	10% off
Nolan Arenado	2015	84	65	09/02	13% off
Johnny Evers	1910	48	25	09/02	17% off
Jack Tobin	1920	61	20	09/02	owned
Jack Cust	2008	63	30	09/02	owned
Bruce Ruffin	1993	71	40	09/02	owned
Matt Carpenter	2015	74	50	09/02	owned
Hanley Ramirez	2013	82	65	09/02	owned
Greg Holland	2017	87	50	09/02	owned
Roy Cullenbine	1946	88	75	09/02	12% off
Luke Appling	1936	92	105	09/02	owned
Dontrelle Willis	2005	97	135	09/02	10% off
Devin Williams	2023	99	90	09/02	owned
Manny Ramirez	1999	99	135	09/02	10% off
Freddie Lindstrom	1930	100	360	09/02	10% off
Orel Hershiser	1988	102	630	09/02	owned
Phil Rizzuto	1950	99	160	08/19	20% off
Dick Brodowski	1959	40	10	08/19
Gene Snyder	1959	40	10	08/19
Sandy Koufax	1959	49	15	08/19
Johnny Romano	1959	50	10	08/19
Bill Tuttle	1959	59	20	08/19
Chuck Churn	1959	66	20	08/19
Ted Kluszewski	1959	67	30	08/19
Vada Pinson	1959	78	40	08/19
Nellie Fox	1959	79	40	08/19
Don Mossi	1959	83	50	08/19
Bobby Shantz	1959	89	40	08/19
Smoky Burgess	1959	89	60	08/19
Stan Lopata	1955	92	80	08/19
Milt Pappas	1959	96	120	08/19	owned
Hank Aaron	1959	102	560	08/19	owned
Babe Ruth	1916	97	105	08/05	owned
Armando Benitez	2004	100	210	08/05
Roger Clemens	1998	101	420	08/05
Graig Nettles	1977	94	80	08/05
Jason Varitek	2004	96	80	08/05
Albert Belle	1995	101	350	08/05
Dan Haren	2010	72	30	07/29	owned
Jay Johnstone	1979	42	10	07/29	owned
Joe Saunders	2010	44	10	07/29	owned
Craig Lefferts	1987	52	10	07/29	owned
Deion Sanders	1995	53	10	07/29
Kelly Johnson	2016	62	20	07/29
Kent Mercker	1996	66	20	07/29	owned
Scott Rolen	2009	67	20	07/29	owned
Manny Machado	2018	74	30	07/29
Clay Holmes	2021	78	20	07/29	owned
Lou Brock	1964	80	30	07/29
Drew Pomeranz	2019	86	20	07/29	owned
J.A. Happ	2015	87	35	07/29	owned
Rich Harden	2008	94	65	07/29
Goose Goslin	1930	95	90	07/29
J.D. Martinez	2017	100	240	07/29
Aroldis Chapman	2016	101	240	07/29
