Name,POS,VAL,Hand,PA,AVG,OBP,SLG,wOBA,BBpct,SOpct,HR600,BABIP,XBHpct,3B/XBH,wSB600,UBR600,WAR600
Gus Bell,CF,70,L,418,.331,.388,.575,.420,9.1,8.1,27.3,.316,39.8,8.16,-0.7,-0.9,4.5
Dick Stuart,1B,74,R,536,.313,.383,.503,.397,10.1,18.4,24.6,.346,29.3,6.82,0.0,-4.0,3.2
Matt Carpenter,3B,74,L,3591,.287,.392,.487,.395,14.5,14.9,24.1,.294,35.5,3.57,-0.2,0.5,4.7
Jack Cust,LF,63,L,790,.269,.373,.472,.381,14.1,19.3,29.6,.279,31.7,1.75,0.0,-4.9,2.6
Duke Snider,CF,73,L,1031,.282,.352,.512,.381,9.4,14.5,29.7,.281,38.1,9.18,0.1,4.1,5.3
Dick McAuliffe,SS,68,L,2940,.272,.368,.490,.381,13.2,13.8,20.6,.278,38.2,31.15,-0.9,2.5,4.8
Mark Bellhorn,2B,64,S,629,.277,.386,.448,.380,14.6,22.4,18.1,.323,33.6,6.12,-0.2,0.1,3.9
Devon White,CF,74,S,1045,.286,.354,.491,.373,9.3,11.7,10.9,.304,38.1,51.49,-1.0,2.3,4.3
Mickey Tettleton,C,69,S,428,.255,.400,.391,.373,19.6,15.5,14.0,.266,29.8,0.00,0.0,-3.9,3.4
Darrell Porter,C,74,L,620,.273,.362,.467,.371,12.1,11.5,22.3,.270,34.5,14.00,0.3,-1.2,4.5
Joe Judge,1B,74,L,1710,.275,.361,.457,.367,11.9,10.8,9.5,.290,36.9,43.62,-0.2,1.4,3.2
Ed Morgan,RF,66,R,872,.288,.363,.450,.366,10.7,11.3,6.2,.311,33.6,43.24,-0.7,-0.9,3.2
Earl Webb,RF,72,L,3345,.286,.360,.449,.366,10.6,13.8,13.5,.308,36.1,9.18,-0.6,3.7,3.4
Wes Covington,LF,67,L,362,.314,.352,.458,.361,5.8,11.7,16.6,.328,26.7,0.00,0.0,-1.5,2.2
Steve Pearce,1B,69,R,3049,.285,.368,.424,.361,11.6,12.0,18.1,.293,23.0,5.17,0.0,-0.4,2.5
Tom Brown,CF,66,L,607,.289,.343,.460,.359,7.2,17.4,8.9,.335,35.4,35.09,-1.7,-1.3,2.9
Braden Montgomery,RF,74,S,514,.291,.343,.462,.359,7.8,10.6,23.3,.284,26.9,8.33,0.0,0.2,3.0
Rick Wilkins,C,57,L,392,.284,.355,.431,.358,9.9,12.4,16.8,.296,28.3,3.57,0.0,-4.1,3.4
Mike Piazza,C,72,R,760,.288,.354,.430,.355,9.1,9.9,15.8,.295,26.9,7.55,0.0,0.0,3.1
Jett Williams,2B,62,R,2381,.267,.359,.413,.355,12.0,13.2,9.3,.290,32.8,24.86,0.1,2.9,3.6
Jonathan Schoop,2B,67,R,2515,.298,.342,.448,.354,6.4,13.0,18.1,.313,27.3,3.17,-0.1,-2.0,3.5
Aaron Hicks,CF,63,S,403,.265,.357,.416,.354,12.9,7.8,16.4,.258,28.6,15.38,0.9,0.9,1.5
Wade Boggs,3B,74,L,3474,.289,.378,.374,.353,12.6,8.2,4.0,.306,20.6,16.76,-0.3,-3.1,3.6
Roberto Clemente,RF,73,R,2272,.303,.343,.437,.351,5.7,10.7,9.5,.322,27.4,20.69,-0.7,2.8,3.6
Jonny Farmelo,CF,72,L,784,.263,.335,.452,.349,9.7,14.0,22.2,.267,34.1,17.74,-1.5,4.4,2.9
Cliff Floyd,LF,72,L,1180,.252,.336,.446,.349,11.4,12.5,28.5,.238,32.3,4.76,1.0,-0.1,2.8
Honus Wagner,SS,68,R,669,.289,.340,.436,.348,7.5,10.4,16.1,.295,28.2,8.16,-0.3,0.6,3.7
Andruw Jones,LF,57,R,903,.278,.357,.405,.347,10.6,18.2,14.6,.314,23.5,9.62,0.0,1.7,3.1
Bill Keister,SS,72,L,493,.290,.331,.435,.344,5.3,7.6,9.7,.301,26.9,41.67,0.4,4.0,2.4
Julio Lugo,SS,73,R,1174,.289,.354,.388,.344,8.4,5.5,5.6,.297,22.5,18.84,-0.4,1.0,3.5
Ray Caldwell,P,64,L,321,.274,.340,.410,.341,9.0,13.2,9.3,.298,32.9,11.54,0.0,-3.9,1.7
Manny Machado,SS,74,R,529,.266,.328,.427,.340,7.9,11.4,20.4,.268,28.9,13.51,-1.1,0.2,3.4
Brett Butler,CF,64,L,476,.280,.352,.383,.339,10.3,9.8,5.0,.298,20.9,41.67,2.8,4.9,2.5
Leo Cardenas,SS,68,R,1169,.268,.344,.389,.338,10.4,15.7,7.2,.305,25.8,35.21,-0.3,0.0,3.1
Tim McCarver,C,68,L,489,.289,.334,.411,.337,6.7,8.4,11.0,.297,20.8,37.04,-3.2,-1.8,2.9
Juan Uribe,SS,66,R,387,.278,.315,.442,.335,4.4,18.3,6.2,.328,33.0,54.55,0.9,-0.5,3.9
Santiago Espinal,2B,55,R,3219,.287,.349,.365,.333,8.7,7.8,4.7,.301,20.8,2.33,-0.9,1.6,2.9
Luis Aparicio,SS,71,R,2547,.279,.345,.374,.333,9.0,4.6,6.6,.281,21.1,18.05,1.4,3.8,4.2
Carlos Beltran,CF,58,S,1132,.275,.312,.443,.333,4.8,16.5,17.5,.300,30.1,26.74,0.8,2.0,2.8
Broderick Perkins,1B,57,L,388,.269,.331,.399,.333,9.0,9.8,13.9,.272,26.9,8.00,0.0,-2.0,1.1
Roldy Brito,CF,69,S,1341,.267,.327,.404,.332,7.8,11.7,5.8,.292,31.1,40.00,0.5,6.2,2.6
Deion Sanders,CF,53,L,407,.261,.325,.409,.331,8.6,12.9,8.8,.283,31.6,40.00,0.1,3.5,2.1
Thayron Liranzo,C,65,S,431,.224,.329,.385,.330,13.7,15.6,20.9,.226,34.1,3.57,0.0,-1.1,2.4
Kevin Kiermaier,CF,67,L,1677,.269,.330,.391,.330,8.0,14.1,12.2,.291,23.0,23.66,0.3,3.1,3.0
Jefferson Rojas,SS,66,R,1372,.271,.321,.412,.329,7.0,8.9,12.7,.275,29.8,15.84,0.0,0.7,3.0
Bill Buckner,LF,64,L,435,.278,.314,.417,.328,4.6,4.7,13.8,.268,30.4,5.88,-0.8,4.0,1.8
Cristian Guzman,SS,71,S,603,.277,.301,.447,.328,3.5,12.3,13.9,.294,34.2,27.78,0.2,3.3,2.5
Marco Scutaro,2B,69,R,951,.300,.325,.398,.328,3.9,5.3,3.8,.308,23.9,17.46,-0.6,2.0,2.0
Harry Ford,C,74,R,416,.254,.346,.344,.327,12.3,13.1,8.7,.274,20.9,5.26,-1.0,0.3,2.6
