POS,Name,B,T,BA vL,GAP vL,POW vL,EYE vL,K vL,BA vR,GAP vR,POW vR,EYE vR,K vR,STU vL,CON vL,PBABIP vL,HRA vL,STU vR,CON vR,PBABIP vR,HRA vR,STM,C ABI,C FRM,C ARM,IF RNG,IF ERR,IF ARM,TDP,OF RNG,OF ERR,OF ARM,DEF,SPE,STE,SR,RUN,ACT,CVAL,REL,L10,BUY,VAR
LF,Cody Bellinger,Left,Left,130,110,90,110,130,115,99,82,140,141,1,1,1,1,1,1,1,1,1,-,-,-,29,40,36,39,114,93,89,139,64,93,72,96,No,100,07/16/2026,43 046,32 000,N
3B,Adrian Beltre,Right,Right,139,144,99,89,110,116,138,103,74,129,1,1,1,1,1,1,1,1,1,-,-,-,114,69,108,48,4,7,7,108,18,12,11,32,No,100,05/14/2026,65 133,20 001,N
C,Yogi Berra,Left,Right,92,47,138,76,168,54,64,124,56,157,1,1,2,5,1,1,1,5,1,104,78,112,4,4,7,8,9,10,1,108,55,61,35,62,No,100,03/13/2026,28 555,0,N
SP,Kevin Brown,Right,Right,8,19,5,43,24,7,31,3,34,15,83,117,127,131,90,120,121,121,94,-,-,-,35,20,25,22,10,3,3,64,6,6,5,7,No,100,05/14/2026,47 701,44 000,N
C,Roy Campanella,Right,Right,128,125,140,82,113,108,106,133,79,98,1,1,1,6,1,1,1,6,1,94,92,114,10,4,8,4,8,8,5,118,12,9,13,29,No,100,03/13/2026,51 193,0,Y
SP,Bubba Chandler,Switch,Right,57,55,69,59,52,59,59,72,60,53,125,81,90,115,121,88,100,115,82,1,1,1,44,46,71,56,65,51,64,96,61,65,61,58,No,100,03/27/2026,36 988,30 000,N
SP,Jack Coombs,Switch,Right,64,53,6,51,56,44,52,4,66,74,116,85,121,139,117,84,128,135,106,-,-,-,24,40,31,29,10,1,6,73,48,78,83,73,No,100,07/02/2026,53 370,24 222,N
SP,Whitey Ford,Left,Left,10,32,2,50,16,8,30,5,62,31,130,113,131,119,107,95,103,118,97,-,-,-,27,27,27,27,1,8,3,62,13,11,7,18,No,100,04/23/2026,89 120,51 125,N
SS,Nomar Garciaparra,Right,Right,147,91,89,97,156,133,128,87,68,134,1,1,1,5,1,1,1,5,1,-,-,-,111,83,97,69,7,4,6,105,51,70,18,56,No,100,06/04/2026,59 076,40 000,N
CL,Tom Henke,Right,Right,1,3,1,3,1,1,3,1,3,1,137,122,142,111,160,128,116,83,25,-,-,-,35,20,26,23,3,9,2,64,5,6,4,5,No,100,07/01/2026,91 869,55 000,N
SP,Josh Johnson,Left,Right,4,3,1,7,1,1,7,1,6,4,129,88,104,130,133,140,93,145,72,-,-,-,27,38,29,23,2,10,4,74,5,6,5,5,No,100,07/16/2026,45 502,26 000,N
3B,King Kelly,Right,Right,142,128,80,88,135,135,132,77,82,131,1,1,1,3,1,1,1,3,1,83,82,89,89,69,97,74,85,64,112,94,102,96,87,109,No,100,04/30/2026,32 363,30 000,N
CL,Craig Kimbrel,Right,Right,1,3,1,3,2,1,3,1,3,1,181,90,140,140,187,122,122,118,20,-,-,-,25,20,23,23,5,5,9,52,5,6,4,5,No,100,06/04/2026,296 919,65 777,N
SP,Cliff Lee,Left,Left,6,18,27,7,5,12,17,14,15,11,109,150,115,119,132,121,89,118,84,-,-,-,24,14,20,23,1,3,5,45,55,67,54,50,No,100,06/04/2026,46 905,28 200,N
SP,Dolf Luque,Right,Right,19,37,32,53,25,17,48,37,49,30,116,68,132,140,121,90,119,128,100,-,-,-,29,23,24,22,4,9,3,59,36,44,59,20,No,100,06/04/2026,45 950,27 000,N
SP,Juan Marichal,Right,Right,11,31,1,25,5,7,47,1,29,6,91,114,112,112,70,135,69,126,97,-,-,-,35,21,26,21,1,3,4,65,9,6,3,15,No,100,03/13/2026,53 396,37 500,N
2B,Ketel Marte,Switch,Right,118,82,140,52,130,138,100,99,90,122,1,1,1,1,1,1,1,1,1,-,-,-,98,88,79,87,89,102,50,113,87,89,39,93,No,100,06/04/2026,61 388,25 001,N
SP,Jon Matlack,Left,Left,61,31,1,81,1,38,16,1,93,2,110,99,151,137,90,78,76,119,77,-,-,-,31,24,26,23,3,5,2,64,16,6,5,28,No,100,03/13/2026,47 333,37 500,N
SP,Sam McDowell,Left,Left,25,14,2,31,19,23,20,5,47,21,152,90,124,135,130,68,119,115,94,-,-,-,29,13,22,24,10,8,10,50,5,6,5,5,No,100,05/07/2026,51 622,50 000,N
CF,Mickey Moniak,Left,Right,104,98,87,98,120,138,140,110,106,143,1,1,1,5,1,1,1,5,1,-,-,-,8,3,6,6,109,80,92,119,106,106,100,112,No,100,08/13/2026,84 099,30 505,N
1B,Eddie Murray,Switch,Right,119,71,101,161,122,136,76,124,150,104,1,1,1,1,1,1,1,1,1,-,-,-,91,69,71,96,1,1,7,98,50,73,45,64,No,100,06/11/2026,102 903,77 778,N
CL,Jesse Orosco,Right,Left,7,3,1,4,2,7,3,1,3,2,126,89,140,146,114,83,128,120,61,-,-,-,35,72,43,23,5,10,3,98,8,6,3,13,No,100,04/20/2026,66 943,47 054,N
SP,Satchel Paige,Right,Right,57,77,1,52,43,57,69,1,33,47,119,99,112,117,130,93,117,118,96,1,1,1,29,32,29,25,5,10,2,71,43,11,4,29,No,100,04/15/2026,85 951,44 002,N
SP,Camilo Pascual,Right,Right,29,59,33,50,95,28,74,34,51,99,97,84,119,115,102,117,112,123,82,-,-,-,34,40,31,19,10,7,2,79,29,6,5,28,No,100,03/26/2026,53 212,40 002,N
2B,Jackie Robinson,Right,Right,122,120,82,98,140,130,128,90,97,140,1,1,1,3,1,1,1,3,1,-,-,-,111,102,89,114,87,103,81,139,107,106,104,117,No,100,04/16/2026,70 931,50 000,N
LF,Jimmy Sheckard,Left,Right,125,120,80,88,77,120,126,120,89,104,1,1,1,1,1,1,1,1,1,-,-,-,52,50,66,39,89,73,67,102,93,98,85,76,No,100,03/26/2026,85 577,88 000,N
RF,Enos Slaughter,Left,Right,93,86,77,79,89,125,122,81,97,139,1,1,1,7,1,1,2,7,1,-,-,-,3,10,4,9,78,90,107,107,68,59,44,60,No,100,03/13/2026,59 505,35 005,N
CL,Dave Smith,Right,Right,11,11,5,7,11,11,11,5,7,11,100,78,93,135,108,106,97,111,24,-,-,-,27,20,23,23,7,7,4,55,16,6,3,28,No,100,03/13/2026,57 116,46 788,N
CF,George Springer,Right,Right,100,62,128,141,102,104,83,150,124,106,1,1,1,2,1,1,1,2,1,-,-,-,7,2,6,1,112,119,76,125,89,54,44,81,No,100,07/16/2026,46 689,27 000,N
RF,Giancarlo Stanton,Right,Right,83,96,158,138,117,79,82,138,95,69,1,1,1,7,1,1,1,7,1,-,-,-,5,2,10,10,86,91,97,109,26,26,17,16,No,100,03/13/2026,61 000,36 523,N
3B,Harry Steinfeldt,Right,Right,123,88,92,89,130,130,112,78,70,97,1,1,1,7,1,1,1,7,1,-,-,-,98,90,96,64,9,3,5,105,67,89,79,65,No,100,03/13/2026,88 290,45 000,N
SP,Charlie Sweeney,Right,Right,96,107,55,68,119,88,102,35,60,111,93,123,133,99,92,120,107,95,95,-,-,-,65,32,58,42,77,47,62,99,53,85,57,62,No,100,03/13/2026,28 195,0,N
SP,Johnny Vander Meer,Switch,Left,11,71,3,55,13,23,49,7,51,21,132,50,60,115,135,62,133,119,82,-,-,-,32,13,24,28,3,1,2,55,20,11,4,29,No,100,03/13/2026,47 245,41 356,N
LF,Garret Anderson,Left,Left,112,125,87,44,105,108,134,111,61,115,1,1,1,1,1,1,1,1,1,-,-,-,6,7,5,9,103,120,111,137,44,56,33,36,No,99,04/22/2026,6 483,0,N
1B,Jeff Bagwell,Right,Right,124,69,102,138,99,82,73,117,115,78,1,1,1,7,1,1,1,7,1,-,-,-,49,53,55,61,1,4,1,74,48,55,52,48,No,99,03/13/2026,6 735,4 001,N
RF,Chase DeLauter,Left,Left,79,95,115,102,101,76,112,128,110,112,57,40,63,61,58,38,60,56,5,2,2,1,27,34,57,7,61,67,83,74,39,58,18,50,No,99,03/27/2026,5 825,0,N
SP,R.A. Dickey,Right,Right,62,15,1,2,77,22,12,1,17,91,124,72,108,92,116,113,125,86,93,-,-,-,35,38,35,34,9,6,10,81,5,6,5,5,No,99,06/10/2026,52 943,18 529,N
RP,Tony Fossas,Left,Left,1,1,1,1,1,1,1,1,1,1,137,128,88,129,91,110,72,115,13,-,-,-,35,20,26,23,6,8,4,65,5,6,3,5,No,99,03/13/2026,4 879,0,N
RP,Tony Fossas,Left,Left,1,1,1,1,1,1,1,1,1,1,148,138,96,139,99,119,79,124,13,-,-,-,35,20,26,23,6,8,4,70,5,6,3,5,No,99,03/13/2026,31 319,0,Y
SP,Bob Friend,Right,Right,16,48,8,34,20,8,49,16,42,31,64,129,107,131,102,150,53,111,73,-,-,-,31,36,29,21,10,8,9,75,16,6,4,28,No,99,03/13/2026,4 672,0,N
1B,Paul Goldschmidt,Right,Right,165,58,135,146,74,130,93,120,158,86,1,1,1,1,1,1,1,1,1,-,-,-,84,74,66,62,9,2,10,101,65,98,69,78,No,99,07/16/2026,14 105,11 000,N
SP,Mel Harder,Right,Right,17,17,36,32,19,28,32,49,30,19,38,132,50,119,91,112,94,138,93,-,-,-,30,23,24,20,4,5,9,61,16,6,4,28,No,99,03/26/2026,4 573,0,N
SS,Travis Jackson,Right,Right,82,77,109,104,74,75,72,99,92,68,1,1,1,1,1,1,1,1,1,-,-,-,109,92,106,105,7,9,6,118,70,57,41,74,No,99,03/13/2026,6 243,0,N
CF,Andruw Jones,Right,Right,131,61,95,129,94,100,102,141,58,103,1,1,1,1,1,1,1,1,1,-,-,-,8,8,1,8,125,124,121,152,94,95,62,112,No,99,07/23/2026,18 391,12 321,N
RF,Al Kaline,Right,Right,141,152,69,72,162,103,124,81,79,130,1,1,1,5,1,1,1,5,1,-,-,-,61,58,61,53,113,99,63,122,112,116,58,113,No,99,05/28/2026,8 797,4 001,N
2B,Nap Lajoie,Right,Right,134,141,4,101,144,97,119,72,64,145,1,1,1,2,1,1,1,2,1,-,-,-,108,79,83,110,10,6,2,127,69,78,70,72,No,99,03/13/2026,8 738,4 500,N
RP,Jose Leclerc,Right,Right,1,1,1,1,1,1,1,1,1,1,102,22,141,130,130,71,150,119,12,-,-,-,27,39,29,23,3,7,3,75,13,6,4,22,No,99,03/13/2026,5 842,0,N
RP,Jake McGee,Left,Left,1,3,1,3,1,1,3,1,3,1,133,150,44,90,144,82,150,135,12,-,-,-,25,20,22,23,4,9,9,52,5,6,5,5,No,99,09/03/2026,21 280,19 126,N
RP,Cla Meredith,Right,Right,5,3,1,3,1,11,3,1,3,1,50,108,84,124,92,152,175,116,20,-,-,-,27,20,23,23,7,6,2,54,12,6,5,19,No,99,04/29/2026,16 104,6 000,N
RP,Andrew Miller,Left,Left,1,3,1,3,1,1,4,1,3,2,140,132,124,62,143,110,122,95,13,-,-,-,23,20,22,23,2,5,6,50,5,6,4,5,No,99,07/30/2026,61 334,45 001,N
CF,Alejandro Oms,Left,Left,78,89,92,94,86,94,98,95,101,96,13,34,23,20,13,34,35,20,52,-,-,-,53,22,47,20,88,71,69,84,73,77,65,63,No,99,03/13/2026,6 389,4 001,N
LF,Wilson Redus,Right,Right,108,123,122,51,96,104,117,125,55,103,1,1,19,5,1,1,19,5,1,53,53,53,57,61,32,62,74,76,59,86,58,64,39,53,No,99,03/13/2026,6 436,4 002,N
SS,Phil Rizzuto,Right,Right,138,118,33,144,198,115,113,48,150,183,1,1,1,2,1,1,1,2,1,-,-,-,120,121,102,114,9,9,4,137,62,63,53,108,No,99,08/19/2026,102 580,28 888,N
3B,Mike Schmidt,Right,Right,108,86,180,165,68,60,139,145,156,73,1,1,1,1,1,1,1,1,1,-,-,-,109,66,117,47,5,7,7,109,68,73,63,55,No,99,07/16/2026,31 010,15 000,N
3B,Gary Sheffield,Right,Right,106,77,122,74,155,81,111,109,70,142,1,1,1,7,1,1,1,7,1,-,-,-,59,79,83,66,6,6,4,76,62,39,45,84,No,99,03/13/2026,5 535,0,N
1B,Norm Siebern,Left,Right,91,69,77,100,77,96,75,111,131,90,1,1,1,7,1,1,1,7,1,-,-,-,62,74,61,58,67,70,50,95,37,13,8,42,No,99,03/13/2026,5 409,0,N
LF,Al Simmons,Right,Right,155,138,129,85,169,137,125,117,58,120,1,1,1,1,1,1,1,1,1,-,-,-,9,4,7,1,69,112,69,90,61,75,34,89,No,99,07/02/2026,13 225,9 600,N
C,Ted Simmons,Switch,Right,81,56,119,124,126,89,84,92,88,135,1,1,1,4,1,1,1,4,1,69,57,61,47,45,42,56,45,53,41,59,36,17,31,33,No,99,03/13/2026,6 222,5 000,N
RP,Kent Tekulve,Right,Right,7,28,4,36,6,15,28,4,38,14,38,23,40,160,104,134,138,121,59,-,-,-,35,21,24,17,4,8,5,64,16,6,5,28,No,99,03/13/2026,6 133,4 501,N
SP,Payton Tolle,Left,Left,65,71,82,76,54,64,79,89,78,59,134,114,93,101,118,109,86,97,70,-,-,-,21,23,26,20,55,50,58,51,10,20,24,23,No,99,04/24/2026,8 313,6 500,N
SS,Honus Wagner,Right,Right,102,120,100,72,178,127,117,86,81,161,1,1,1,4,1,1,1,4,1,-,-,-,109,86,96,105,81,120,85,113,93,94,88,96,No,99,05/26/2026,14 206,7 001,N
1B,Hank Aaron,Right,Right,59,69,140,92,118,97,97,133,104,105,1,1,1,1,1,1,1,1,1,-,-,-,40,23,34,31,44,90,44,53,34,11,9,48,No,98,04/30/2026,5 459,0,N
SP,Babe Adams,Left,Right,16,37,2,31,10,31,33,2,35,22,41,151,48,145,52,134,93,129,83,-,-,-,35,51,36,23,9,6,1,87,29,58,21,18,No,98,03/13/2026,5 451,0,N
SS,John Beckwith,Right,Right,123,120,92,80,96,118,114,85,93,107,42,55,61,50,41,55,57,49,24,59,61,69,93,65,91,78,74,60,72,84,56,42,39,61,No,98,03/13/2026,5 605,4 401,N
RF,Mookie Betts,Right,Right,51,138,122,60,145,120,140,85,75,133,1,1,1,1,1,1,1,1,1,-,-,-,84,43,92,69,117,117,113,151,86,112,78,116,No,98,08/06/2026,7 228,5 500,N
LF,Yoenis Cespedes,Right,Right,140,132,126,52,82,134,136,120,49,85,1,1,1,5,1,1,1,5,1,-,-,-,10,6,10,7,94,82,103,126,102,8,7,106,No,98,03/19/2026,24 919,0,Y
LF,Yoenis Cespedes,Right,Right,130,122,117,47,75,124,126,111,44,78,1,1,1,3,1,1,1,3,1,-,-,-,10,6,10,7,94,82,103,118,102,8,7,106,No,98,03/19/2026,5 850,0,N
CF,Max Clark,Left,Left,102,94,69,99,92,126,101,76,121,102,1,1,75,1,1,1,75,1,3,2,2,3,6,26,16,4,101,72,96,107,112,105,82,75,No,98,04/09/2026,6 481,0,N
2B,Eddie Collins,Left,Right,98,71,17,89,155,128,103,50,92,167,1,1,1,2,1,1,1,2,1,-,-,-,101,82,56,101,5,10,8,117,69,76,56,74,No,98,03/13/2026,8 738,4 500,N
1B,Carlos Delgado,Left,Right,145,147,99,103,75,128,131,133,155,96,1,1,1,1,1,1,1,1,1,33,28,22,27,26,28,33,8,8,3,49,4,6,5,12,No,98,07/01/2026,9 608,5 001,N
2B,Larry Doby,Left,Right,126,113,101,90,66,130,141,107,86,75,1,1,19,4,1,1,19,4,1,-,-,-,83,55,68,82,50,56,52,87,62,64,21,49,No,98,04/16/2026,9 668,4 300,N
RP,Mark Eichhorn,Right,Right,11,10,6,13,6,11,10,6,13,6,77,61,81,80,143,122,106,139,24,-,-,-,35,13,20,13,2,4,5,55,16,6,4,28,No,98,03/13/2026,5 396,4 001,N
SS,Colt Emerson,Left,Right,107,114,77,110,85,120,122,95,122,91,1,3,76,1,1,3,77,1,7,32,37,35,101,69,89,90,69,72,69,94,81,98,72,101,No,98,05/23/2026,11 135,6 700,N
SS,Colt Emerson,Left,Right,116,123,84,119,92,130,132,103,132,99,1,5,83,1,1,5,84,1,7,32,37,35,101,69,89,90,69,72,69,101,81,98,72,101,No,98,05/23/2026,97 189,0,Y
SP,Doug Fister,Left,Right,2,4,1,3,1,2,5,1,3,2,69,121,136,128,67,133,115,140,80,-,-,-,28,23,28,34,5,2,10,60,5,6,4,5,No,98,07/28/2026,64 436,69 000,N
RP,Joe Grzenda,Right,Left,2,3,1,3,1,2,3,1,3,1,119,150,105,150,88,65,92,128,62,-,-,-,30,20,24,23,1,5,9,59,7,6,4,10,No,98,03/13/2026,13 724,0,N
1B,Ted Kluszewski,Left,Left,64,81,118,52,115,83,50,127,79,120,1,1,1,3,1,1,2,3,1,-,-,-,22,66,39,81,7,9,1,59,9,66,18,25,No,98,03/13/2026,5 978,4 826,N
CF,Willie Mays,Right,Right,98,191,158,174,124,98,120,135,114,111,1,1,1,4,1,1,1,4,1,-,-,-,2,2,5,8,104,106,55,107,118,112,92,120,No,98,08/20/2026,90 600,80 000,N
LF,Tyler O'Neill,Right,Right,119,98,133,103,78,132,72,131,58,69,1,1,1,1,1,1,1,1,1,-,-,-,9,3,5,2,97,97,97,123,107,89,64,111,No,98,03/27/2026,4 416,0,N
RP,Evan Phillips,Right,Right,1,3,1,3,1,1,3,1,3,1,95,110,99,115,119,82,109,104,10,-,-,-,27,50,33,23,6,8,3,81,5,6,3,6,No,98,03/13/2026,6 553,0,N
3B,Aramis Ramirez,Right,Right,103,151,130,38,110,88,139,85,69,115,1,1,1,4,1,1,1,4,1,-,-,-,89,85,89,33,2,4,3,91,37,67,16,41,No,98,03/13/2026,6 520,0,N
SS,Jose Reyes,Switch,Right,125,100,87,122,155,125,138,69,91,170,1,1,1,1,1,1,1,1,1,-,-,-,106,82,86,92,7,3,3,102,117,115,114,114,No,98,07/23/2026,28 710,28 000,N
SS,Alex Rodriguez,Right,Right,91,69,133,92,70,95,84,126,111,88,1,1,1,1,1,1,1,1,1,-,-,-,72,76,89,91,7,9,7,76,89,96,47,82,No,98,03/13/2026,7 589,4 001,N
RP,Joe Sambito,Left,Left,18,40,4,62,17,18,42,5,64,19,144,94,42,140,116,96,125,115,24,-,-,-,35,20,26,23,4,3,8,65,16,6,4,28,No,98,06/25/2026,10 600,5 001,N
LF,Lonnie Smith,Right,Right,147,120,100,155,90,150,110,108,143,77,1,1,1,5,1,1,1,5,1,-,-,-,2,5,6,2,114,123,35,133,98,89,74,91,No,98,08/27/2026,14 874,7 890,N
SS,Trea Turner,Right,Right,99,86,127,84,119,93,87,140,91,110,1,1,1,7,1,1,1,7,1,-,-,-,94,105,75,92,4,3,2,106,120,55,50,121,No,98,03/19/2026,26 906,0,Y
RP,Jonny Venters,Left,Left,1,3,1,3,1,1,3,1,3,1,160,84,148,148,100,48,114,166,18,-,-,-,32,20,25,23,2,8,9,61,6,6,5,7,No,98,07/09/2026,18 387,6 888,N
CL,Duane Ward,Right,Right,1,3,1,3,1,1,3,1,3,1,142,56,62,111,150,130,111,110,14,-,-,-,29,20,24,23,8,1,3,57,5,6,5,5,No,98,07/25/2026,16 683,16 500,N
C,Ed Bailey,Left,Right,52,53,77,109,55,96,42,203,148,119,1,1,1,4,1,1,1,4,1,96,98,91,3,5,10,3,7,10,1,112,26,16,7,8,No,97,08/20/2026,53 168,0,Y
2B,Piper Davis,Right,Right,89,85,81,92,95,89,86,81,92,95,1,1,19,5,1,1,20,5,1,53,53,53,95,66,59,91,55,62,68,104,72,64,49,55,No,97,03/13/2026,5 385,4 311,N
1B,Bryce Eldridge,Left,Right,95,80,104,104,69,101,97,122,111,84,72,41,74,71,76,49,93,74,76,1,1,1,56,51,56,39,52,50,76,105,24,11,7,25,No,97,03/20/2026,5 970,0,N
SP,Dutch Leonard,Right,Right,35,30,4,28,31,20,46,4,33,31,88,125,69,115,89,137,88,117,92,-,-,-,35,30,29,24,5,3,8,75,10,6,3,15,No,97,06/11/2026,15 959,9 000,N
2B,Joe Morgan,Left,Right,108,77,43,130,85,77,78,86,118,121,1,1,1,2,1,1,1,2,1,-,-,-,74,42,63,79,10,9,5,73,93,75,62,87,No,97,03/13/2026,5 478,0,N
SP,Barney Morris,Left,Right,18,35,1,51,57,19,37,2,56,61,98,87,79,91,98,87,82,91,73,1,1,1,48,33,29,41,1,1,5,86,16,6,5,28,No,97,03/13/2026,6 173,4 101,N
SP,Jesse Petty,Right,Left,13,41,2,24,11,11,44,3,19,11,99,93,128,103,84,76,131,109,86,-,-,-,25,13,20,23,5,9,5,45,49,58,45,46,No,97,04/09/2026,4 406,0,N
SP,Babe Ruth,Left,Left,133,94,10,71,37,81,101,133,82,67,130,48,92,160,88,90,145,160,104,-,-,-,27,42,30,23,6,5,6,77,39,6,15,27,No,97,08/05/2026,79 542,30 000,N
SP,Sonny Siebert,Right,Right,4,60,33,21,34,9,39,31,30,19,100,85,53,96,108,73,116,98,76,-,-,-,35,22,29,31,6,4,10,68,11,6,3,18,No,97,03/13/2026,5 415,0,N
CL,John Smoltz,Right,Right,10,50,10,33,28,14,33,5,36,14,93,92,84,129,88,77,121,97,18,-,-,-,26,30,27,25,4,9,8,64,7,6,3,9,No,97,05/21/2026,7 016,4 002,N
3B,Sal Stewart,Right,Right,108,98,114,112,112,93,98,108,101,103,1,4,76,1,1,5,77,1,7,3,3,2,45,61,72,44,50,53,64,52,34,94,41,35,No,97,04/02/2026,6 461,4 001,N
RF,Darryl Strawberry,Left,Left,54,90,152,87,52,108,121,148,163,74,1,1,1,5,1,1,1,5,1,-,-,-,9,1,10,5,69,59,61,70,85,96,90,103,No,97,07/16/2026,22 520,11 005,N
2B,Robby Thompson,Right,Right,143,92,86,84,88,121,90,95,78,79,1,1,1,3,1,1,1,3,1,-,-,-,110,105,76,112,6,2,1,138,59,70,52,95,No,97,05/21/2026,6 152,0,N
SP,Dizzy Trout,Right,Right,100,69,82,128,51,129,57,124,61,35,85,77,49,135,96,91,136,117,104,-,-,-,35,15,31,43,3,5,3,64,53,67,42,59,No,97,06/18/2026,12 275,4 667,N
SP,Thomas White,Left,Left,21,33,1,26,24,21,33,1,26,24,140,72,150,142,144,64,133,131,69,2,2,2,17,19,65,6,13,16,33,50,13,13,15,12,No,97,08/13/2026,23 816,18 000,N
SP,Trey Yesavage,Right,Right,21,12,8,14,22,17,12,8,14,22,147,70,114,123,142,71,91,123,69,1,1,1,25,27,28,29,55,41,49,66,23,15,27,23,No,97,05/01/2026,47 213,0,Y
RP,Jose Alvarado,Left,Left,6,3,1,3,1,7,3,1,3,2,116,50,95,123,121,52,99,150,16,-,-,-,27,20,23,23,9,5,7,55,10,6,4,15,No,96,05/21/2026,9 006,4 003,N
3B,Ken Boyer,Right,Right,140,138,69,116,84,112,85,118,88,85,1,1,1,8,1,1,1,8,1,-,-,-,104,46,115,39,1,4,4,96,74,47,25,117,No,96,05/28/2026,7 902,0,N
C,Jim Brown,Switch,Right,85,118,91,102,91,86,122,84,104,93,1,1,19,1,1,1,24,2,10,78,82,84,33,36,34,35,75,62,62,85,67,77,65,63,No,96,03/13/2026,5 805,4 002,N
SP,Steve Carlton,Left,Left,31,61,30,51,13,35,77,32,33,26,127,70,89,131,135,74,95,105,86,-,-,-,29,24,25,22,4,1,10,61,5,6,5,5,No,96,04/23/2026,5 592,0,N
SP,Steve Carlton,Left,Left,35,67,34,56,16,39,84,36,37,30,137,76,97,141,145,81,103,114,86,-,-,-,29,24,25,22,4,1,10,66,5,6,5,5,No,96,04/23/2026,46 165,0,Y
LF,Rocky Colavito,Right,Right,38,32,132,175,118,72,92,140,167,99,1,1,1,3,1,1,1,3,1,-,-,-,10,9,6,2,55,71,84,70,16,9,14,23,No,96,05/07/2026,10 026,0,N
CF,Dom DiMaggio,Right,Right,76,107,88,89,97,71,91,90,84,96,1,1,1,3,1,1,1,3,1,-,-,-,8,8,8,1,101,84,110,111,66,71,71,71,No,96,03/13/2026,5 676,0,N
SP,Pete Donohue,Right,Right,54,61,32,31,85,34,41,41,39,73,48,136,122,142,74,158,56,154,73,-,-,-,29,18,23,21,3,10,8,55,51,35,59,48,No,96,03/13/2026,6 371,4 541,N
SP,Connelly Early,Left,Left,18,15,4,20,22,18,15,4,20,22,89,103,90,114,89,105,82,113,75,1,1,1,12,19,10,8,4,4,4,30,14,19,12,9,No,96,03/27/2026,6 366,0,N
SS,Tony Fernandez,Switch,Right,105,97,48,104,119,133,115,60,77,133,1,1,1,2,1,1,1,2,1,-,-,-,115,113,89,95,4,1,6,122,108,109,104,112,No,96,06/25/2026,9 912,6 000,N
2B,Nellie Fox,Left,Right,92,71,24,74,193,95,78,45,86,188,1,1,1,4,1,1,1,4,1,-,-,-,108,79,72,107,7,9,10,126,83,49,54,104,No,96,03/13/2026,5 352,0,N
SP,Lefty Gomez,Left,Left,16,12,4,43,8,16,24,4,48,16,115,66,86,111,111,50,89,115,93,-,-,-,27,26,25,23,3,9,8,61,5,6,4,6,No,96,03/13/2026,6 116,0,N
SP,Rats Henderson,Right,Right,24,59,3,60,37,24,58,3,60,37,97,87,86,89,95,96,83,101,72,1,1,1,29,24,26,25,45,56,56,62,8,6,5,28,No,96,03/13/2026,6 484,5 060,N
SS,Charlie Hollocher,Left,Right,133,84,8,64,165,118,96,51,85,177,1,1,1,3,1,1,1,3,1,-,-,-,93,106,81,90,9,1,6,100,84,67,86,95,No,96,03/13/2026,5 156,0,N
1B,Johnny Hopp,Left,Left,91,90,54,70,91,92,106,88,94,144,1,1,1,1,1,1,1,1,1,-,-,-,35,37,34,31,76,73,47,49,70,56,46,91,No,96,03/13/2026,5 002,0,N
CF,Cedric Mullins,Left,Left,111,74,78,69,110,123,109,124,92,110,1,1,1,5,1,1,1,5,1,-,-,-,6,10,7,5,111,52,69,114,107,112,107,109,No,96,07/09/2026,8 832,9 999,N
SP,Milt Pappas,Right,Right,33,25,3,42,10,18,40,5,27,20,88,62,110,154,100,88,155,171,79,-,-,-,25,36,29,27,8,10,7,71,10,6,4,16,No,96,08/19/2026,83 243,24 444,N
C,Buster Posey,Right,Right,129,60,86,111,128,101,91,38,78,130,1,1,1,1,1,1,1,1,1,105,94,99,62,66,61,56,5,2,5,110,27,77,16,43,No,96,03/13/2026,6 436,4 002,N
SP,Sam Streeter,Right,Left,63,52,3,46,37,63,51,3,44,36,100,104,97,100,97,101,92,89,74,53,53,53,29,26,27,25,1,6,11,64,47,6,4,28,No,96,03/13/2026,5 588,4 001,N
2B,JJ Wetherholt,Left,Right,112,98,67,99,112,130,115,73,113,133,1,1,67,1,1,1,86,1,1,1,1,1,76,81,71,83,62,72,55,90,82,103,66,86,No,96,03/27/2026,6 881,0,N
2B,JJ Wetherholt,Left,Right,121,106,73,107,121,140,124,80,122,143,1,1,73,1,1,1,93,1,1,1,1,1,76,81,71,83,62,72,55,96,82,103,66,86,No,96,03/27/2026,41 990,0,Y
2B,Marvin Williams,Right,Right,91,103,101,48,91,91,103,101,37,89,1,1,20,7,1,1,21,7,1,-,-,-,88,65,47,93,55,62,68,97,62,70,49,57,No,96,03/13/2026,5 224,4 001,N
SP,Roger Wolff,Right,Right,4,11,1,82,14,8,23,1,61,29,69,98,62,74,86,115,145,129,99,-,-,-,30,44,32,21,2,5,9,80,16,6,4,28,No,96,03/13/2026,5 197,0,N
1B,Joe Adcock,Right,Right,133,127,114,118,82,81,68,130,55,50,1,1,1,1,1,1,1,1,1,-,-,-,54,89,56,72,64,64,64,99,40,33,20,44,No,95,03/13/2026,5 510,0,N
SP,Tyler Anderson,Left,Left,1,3,1,3,1,2,3,1,3,1,65,145,122,115,62,128,136,124,76,-,-,-,35,19,25,23,4,9,6,63,8,6,4,11,No,95,07/08/2026,37 583,12 500,N
1B,Zeke Bonura,Right,Right,82,90,92,78,111,104,66,97,73,115,1,1,1,1,1,1,2,1,1,-,-,-,43,56,37,66,4,6,8,71,40,58,18,85,No,95,03/13/2026,5 005,4 200,N
LF,Fred Clarke,Left,Right,62,80,65,114,100,81,61,89,110,117,1,1,1,3,1,1,2,3,1,-,-,-,4,7,6,9,54,110,58,71,81,83,82,76,No,95,03/13/2026,4 531,0,N
RF,Tony Conigliaro,Right,Right,96,72,128,69,82,99,98,133,86,77,1,1,1,1,1,1,1,1,1,-,-,-,8,3,8,7,67,57,84,79,67,28,41,93,No,95,04/30/2026,5 128,0,N
3B,Josh Donaldson,Right,Right,58,65,95,133,77,82,84,117,108,86,1,1,1,1,1,1,3,2,1,-,-,-,109,79,100,37,9,5,4,104,8,34,24,27,No,95,03/13/2026,4 562,0,N
1B,Luke Easter,Left,Right,94,56,144,98,54,118,50,132,120,66,1,1,22,1,1,1,22,1,1,1,1,1,48,35,39,34,61,60,74,87,38,6,7,31,No,95,04/03/2026,32 226,0,Y
SS,Ethan Holliday,Left,Right,90,88,108,140,57,112,98,136,156,69,1,15,81,1,1,16,82,1,15,1,1,1,98,44,110,79,57,55,55,87,51,47,33,62,No,95,06/19/2026,7 693,6 000,N
C,Elston Howard,Right,Right,150,77,121,60,100,108,68,114,49,80,1,1,1,7,1,1,1,7,1,74,59,109,32,26,29,31,59,65,69,82,33,6,18,19,No,95,05/28/2026,6 900,4 555,N
2B,Chuck Knoblauch,Right,Right,160,101,61,133,118,127,105,56,135,121,1,1,1,7,1,1,1,7,1,-,-,-,84,121,58,92,8,3,3,113,109,102,96,111,No,95,07/02/2026,13 999,11 111,N
RP,Barry Latman,Right,Right,1,2,1,6,1,1,4,1,4,1,60,27,151,125,81,82,160,157,37,-,-,-,23,13,19,23,9,8,2,42,9,6,5,13,No,95,03/13/2026,5 294,0,N
SP,Jose Mendez,Right,Right,54,89,8,72,41,52,87,7,70,39,99,72,117,91,101,78,115,99,70,1,1,1,68,30,61,53,72,59,59,100,46,63,21,46,No,95,03/13/2026,6 769,4 002,N
LF,Melvin Mora,Right,Right,91,36,114,123,98,128,63,84,93,64,1,1,1,1,1,1,2,1,1,-,-,-,59,64,64,57,69,63,58,77,59,54,51,73,No,95,03/13/2026,6 593,0,N
SP,Don Newcombe,Left,Right,66,51,48,61,21,66,65,64,68,36,86,88,115,113,89,91,123,101,73,1,1,1,31,28,28,25,9,5,8,68,8,6,5,28,No,95,04/16/2026,6 815,4 200,N
CF,Amos Otis,Right,Right,71,75,90,112,130,96,100,95,85,90,1,1,1,1,1,1,2,1,1,-,-,-,1,3,5,5,108,110,74,118,98,99,73,94,No,95,03/13/2026,5 114,0,N
C,Johnny Romano,Right,Right,64,61,111,122,100,52,68,123,91,89,1,1,1,7,1,1,1,7,1,53,74,81,9,8,6,4,8,3,10,68,24,6,5,19,No,95,03/13/2026,5 584,4 700,N
SS,Fernando Tatis Jr.,Right,Right,114,99,136,118,71,106,96,142,104,67,1,1,1,1,1,1,1,1,1,-,-,-,91,48,116,82,89,99,90,86,111,104,64,103,No,95,06/18/2026,8 056,0,N
RP,Alex Vesia,Left,Left,1,3,1,3,1,1,3,1,3,1,115,74,158,109,120,62,135,107,14,-,-,-,27,20,23,23,6,9,9,55,5,6,4,5,No,95,04/16/2026,5 250,0,N
RP,Matt Anderson,Right,Right,1,3,1,3,1,1,3,1,3,1,123,85,128,96,125,94,135,95,18,-,-,-,27,20,23,23,5,6,4,55,5,6,4,5,No,94,08/13/2026,7 849,4 795,N
3B,Garrett Atkins,Right,Right,92,108,123,148,99,94,98,97,82,95,1,1,1,1,1,1,1,1,1,-,-,-,67,64,74,89,5,5,10,71,47,100,28,42,No,94,03/13/2026,4 717,0,N
CL,Andrew Bailey,Right,Right,14,3,1,3,1,11,3,1,3,1,117,82,156,77,132,99,121,125,21,-,-,-,27,20,23,23,8,1,1,55,10,6,3,15,No,94,04/29/2026,17 245,0,N
SP,Shane Bieber,Right,Right,1,3,1,3,1,1,3,1,2,1,147,71,95,81,131,83,100,88,75,-,-,-,28,22,24,23,5,10,10,58,6,6,4,7,No,94,04/09/2026,4 360,0,N
1B,Jeff Conine,Right,Right,96,69,95,115,118,89,78,86,88,110,1,1,1,5,1,1,1,5,1,-,-,-,73,30,45,31,69,50,88,71,46,72,35,52,No,94,03/13/2026,6 875,4 750,N
RP,Neal Cotts,Left,Left,1,2,1,2,1,1,3,1,3,1,107,75,112,101,89,60,109,150,17,-,-,-,35,20,26,23,9,8,4,65,5,6,5,5,No,94,03/13/2026,5 662,0,N
CL,Ryne Duren,Right,Right,1,3,1,5,1,1,3,1,5,1,160,26,117,160,153,33,155,94,25,-,-,-,35,20,26,23,5,9,10,65,9,6,5,13,No,94,06/04/2026,6 452,4 500,N
3B,Bobby Estalella,Right,Right,79,52,97,130,98,66,65,89,122,87,36,46,49,33,41,49,40,44,64,1,1,1,76,60,84,67,48,79,61,75,56,73,58,60,No,94,03/13/2026,4 903,0,N
RF,Elmer Flick,Left,Right,96,72,79,102,69,107,70,85,98,83,1,1,1,1,1,1,1,1,1,-,-,-,3,5,2,3,54,57,74,61,87,90,85,65,No,94,03/13/2026,4 941,0,N
CL,Tom Gordon,Right,Right,1,3,1,3,1,1,3,1,3,1,88,75,101,150,99,58,110,120,18,-,-,-,24,25,25,26,10,3,6,56,5,6,4,5,No,94,03/13/2026,4 871,0,N
CL,Joel Hanrahan,Right,Right,1,3,1,3,1,1,3,1,3,1,59,98,74,150,83,87,78,135,17,-,-,-,27,20,23,23,1,10,7,55,5,6,5,5,No,94,03/13/2026,5 885,0,N
CF,Sam Jethroe,Switch,Right,114,106,86,82,71,77,82,88,75,98,1,1,26,4,1,1,14,4,1,1,1,1,29,29,28,27,92,69,97,94,73,90,92,73,No,94,03/13/2026,4 840,4 001,N
3B,Newt Joseph,Right,Right,89,101,85,87,97,88,101,84,86,95,1,1,19,7,1,1,19,7,1,1,1,1,90,67,98,87,57,63,69,96,71,79,70,65,No,94,03/13/2026,4 850,4 001,N
CL,Dave LaRoche,Left,Left,3,3,1,3,1,4,4,1,3,1,156,51,131,150,130,30,145,114,28,-,-,-,35,30,29,23,5,4,8,76,7,6,5,9,No,94,05/21/2026,6 134,0,N
3B,Evan Longoria,Right,Right,96,150,107,105,80,91,114,115,101,72,1,1,1,1,1,1,1,1,1,-,-,-,120,84,112,72,5,7,5,123,33,86,24,53,No,94,07/16/2026,10 381,0,N
CL,Jeff Montgomery,Right,Right,1,3,1,3,1,1,3,1,3,1,86,90,87,84,135,76,90,118,23,-,-,-,25,20,22,23,5,7,5,52,5,6,5,5,No,94,03/13/2026,4 646,4 002,N
3B,Arjun Nimmala,Right,Right,132,132,142,113,93,124,124,139,106,88,1,1,83,1,1,1,84,1,1,1,1,1,98,90,114,89,70,65,56,128,72,49,41,76,No,94,08/07/2026,122 283,0,Y
SP,Satchel Paige,Right,Right,1,3,1,3,2,1,3,1,3,2,91,94,97,132,92,77,88,103,62,-,-,-,29,20,24,23,7,7,2,57,5,6,4,6,No,94,04/16/2026,9 750,7 100,N
2B,Bonnie Serrell,Left,Right,94,74,75,62,97,97,76,81,65,105,1,1,18,3,1,1,21,3,1,1,1,1,94,67,45,92,6,11,9,102,65,70,45,56,No,94,03/13/2026,5 039,4 001,N
2B,Eddie Stanky,Right,Right,125,69,37,128,128,85,63,41,152,87,1,1,1,5,1,1,1,5,1,-,-,-,101,62,68,91,3,9,7,108,57,57,47,66,No,94,03/13/2026,4 829,0,N
RP,Matt Thornton,Left,Left,1,3,1,3,1,1,3,1,3,1,161,101,96,82,133,65,85,118,17,-,-,-,35,20,26,23,9,8,9,65,5,6,4,5,No,94,07/04/2026,5 972,4 001,N
SS,Troy Tulowitzki,Right,Right,92,88,95,88,94,86,94,91,81,77,1,1,1,4,1,1,1,4,1,-,-,-,104,103,109,109,3,6,2,120,74,60,42,92,No,94,03/13/2026,5 099,0,N
CF,Ryan Waldschmidt,Right,Right,97,99,136,145,77,91,91,133,145,70,1,1,84,1,1,1,85,1,1,1,1,1,37,44,49,36,91,100,64,98,81,92,73,88,No,94,05/09/2026,26 569,0,Y
CF,Ryan Waldschmidt,Right,Right,89,91,126,135,71,84,84,123,135,64,1,1,77,1,1,1,78,1,1,1,1,1,37,44,49,36,91,100,64,91,81,92,73,88,No,94,05/09/2026,4 820,4 001,N
SS,Eli Willits,Switch,Right,115,96,54,142,99,120,95,66,149,90,1,16,65,1,1,16,66,1,5,1,1,1,100,90,83,79,71,76,59,97,93,102,89,104,No,94,06/13/2026,26 902,4 001,N
CF,Walt Wilmot,Switch,Right,92,77,105,88,116,99,82,111,81,107,1,1,1,1,1,1,1,1,1,-,-,-,8,7,4,7,114,72,72,121,106,104,96,108,No,94,06/11/2026,9 123,4 668,N
LF,Masataka Yoshida,Left,Right,79,64,130,92,124,94,80,108,95,130,1,1,1,3,1,1,1,3,1,-,-,-,8,8,5,2,47,60,70,56,51,36,25,48,No,94,03/19/2026,4 579,0,N
1B,Jose Abreu,Right,Right,106,86,127,93,78,84,75,110,69,83,1,1,1,5,1,1,1,5,1,-,-,-,34,24,40,62,7,6,10,58,40,72,14,55,No,93,03/13/2026,4 843,0,N
C,Johnny Bassler,Left,Right,58,54,1,140,171,137,110,32,152,233,1,1,1,5,1,1,1,5,1,109,106,117,8,7,7,7,1,1,4,125,36,27,28,56,No,93,08/04/2026,99 509,0,N
SP,Barney Brown,Left,Left,69,61,61,86,61,88,77,88,88,77,84,93,55,105,85,88,97,95,66,-,-,-,29,53,36,25,72,59,59,84,38,11,3,28,No,93,03/13/2026,5 045,4 001,N
SP,Hugh Daily,Right,Right,78,68,4,69,68,77,67,4,67,58,133,98,68,96,130,97,66,99,100,-,-,-,58,44,73,63,54,82,59,104,59,84,92,58,No,93,04/30/2026,5 090,0,N
2B,Bill Doran,Switch,Right,110,91,62,104,91,92,82,68,111,98,1,1,1,5,1,1,1,5,1,-,-,-,89,82,57,86,4,8,5,102,61,75,80,64,No,93,03/13/2026,4 292,0,N
2B,Johnny Evers,Left,Right,112,66,12,92,132,100,75,30,105,151,1,1,1,4,1,1,1,4,1,-,-,-,112,75,71,99,5,8,2,124,71,84,59,60,No,93,03/13/2026,5 717,0,N
SP,Cole Hamels,Left,Left,23,30,2,30,13,29,36,5,42,22,96,128,66,89,99,125,158,72,93,-,-,-,26,23,24,23,7,1,3,56,26,30,43,16,No,93,07/16/2026,10 759,8 250,N
C,Ron Hassey,Left,Right,90,84,65,83,124,93,82,75,97,135,1,1,1,5,1,1,1,5,1,53,72,56,3,10,5,6,1,10,10,56,14,11,12,26,No,93,03/13/2026,4 578,0,N
RP,John Hiller,Right,Left,1,4,1,3,2,1,3,1,3,1,140,86,122,141,129,60,100,92,74,-,-,-,29,20,24,23,2,8,2,57,5,6,4,6,No,93,08/06/2026,5 498,4 702,N
SP,Jimmy Key,Right,Left,17,37,6,35,11,17,37,6,35,11,85,144,88,62,83,133,82,100,87,-,-,-,35,32,32,30,1,1,7,77,16,6,5,28,No,93,03/13/2026,4 477,4 080,N
SP,Sandy Koufax,Right,Left,7,38,7,38,27,14,23,3,60,14,160,62,59,99,135,78,101,81,77,-,-,-,24,24,24,23,1,10,10,55,7,6,13,5,No,93,05/28/2026,5 059,0,N
SS,Barry Larkin,Right,Right,115,71,125,155,120,111,92,88,68,93,1,1,1,2,1,1,1,2,1,-,-,-,103,94,84,59,2,8,1,96,74,91,77,91,No,93,07/16/2026,9 325,9 000,N
2B,Davey Lopes,Right,Right,100,87,116,79,88,100,74,83,128,82,1,1,1,7,1,1,1,7,1,-,-,-,66,65,57,63,74,85,61,68,115,112,104,117,No,93,04/09/2026,4 434,0,N
1B,Willie McCovey,Left,Left,118,77,166,95,52,124,128,131,124,77,1,1,1,4,1,1,1,4,1,-,-,-,70,21,36,18,10,3,10,76,57,85,11,98,No,93,08/20/2026,13 535,0,N
LF,Lennie Pearson,Right,Right,91,105,134,88,102,88,100,121,85,96,1,1,22,1,1,1,22,1,1,1,1,1,59,65,56,55,64,59,59,76,89,106,92,83,No,93,04/16/2026,28 184,0,Y
2B,Dustin Pedroia,Right,Right,71,127,27,94,158,80,133,68,78,161,1,1,1,2,1,1,1,2,1,-,-,-,95,88,60,80,4,6,10,106,66,89,74,64,No,93,03/13/2026,5 814,0,N
SS,Jackie Robinson,Right,Right,99,110,97,80,91,95,94,94,89,89,1,1,21,3,1,1,17,3,1,1,1,1,106,64,99,106,7,3,11,103,102,84,79,108,No,93,04/15/2026,24 880,13 405,N
3B,Ron Santo,Right,Right,128,68,105,124,92,119,68,135,110,90,1,1,1,7,1,1,1,7,1,-,-,-,78,62,72,52,2,2,8,74,36,6,19,61,No,93,04/23/2026,16 828,0,Y
3B,Ron Santo,Right,Right,119,62,97,115,85,110,62,125,102,83,1,1,1,5,1,1,1,5,1,-,-,-,78,62,72,52,2,2,8,68,36,6,19,61,No,93,04/23/2026,5 093,0,N
CL,Kazuhiro Sasaki,Right,Right,1,3,1,3,1,1,3,1,3,1,103,119,111,75,79,120,137,94,17,-,-,-,27,20,23,23,9,2,10,55,5,6,4,6,No,93,04/09/2026,4 424,0,N
SS,Corey Seager,Left,Right,140,73,92,74,68,116,80,78,121,79,1,1,1,7,1,1,1,7,1,-,-,-,107,92,95,69,1,4,7,105,30,67,20,54,No,93,06/04/2026,6 764,4 001,N
RF,Chick Stahl,Left,Left,138,82,92,90,144,110,116,85,122,150,2,18,1,15,1,17,1,11,24,-,-,-,10,2,9,2,100,114,94,126,80,83,82,71,No,93,08/13/2026,10 263,7 555,N
LF,Kyle Stowers,Left,Left,113,74,33,86,85,140,87,147,114,69,1,1,1,7,1,1,1,7,1,-,-,-,4,9,8,3,64,120,101,94,51,76,25,40,No,93,07/08/2026,41 693,21 250,N
SP,Luis Tiant,Left,Left,1,1,1,62,35,1,1,1,63,38,111,90,103,97,95,87,85,85,71,1,1,1,29,32,28,25,45,56,56,70,16,6,4,28,No,93,03/13/2026,5 124,4 001,N
RF,Jo Adell,Right,Right,95,64,125,93,79,78,59,118,88,73,1,1,1,5,1,1,1,5,1,-,-,-,8,4,5,6,115,100,60,123,40,76,22,41,No,92,04/16/2026,11 388,7 222,N
1B,Felipe Alou,Right,Right,105,106,108,61,152,105,110,120,25,139,1,1,1,7,1,1,1,7,1,-,-,-,54,35,71,81,92,77,110,70,66,38,41,105,No,92,06/18/2026,4 965,0,N
RP,Pedro Borbon,Right,Left,2,3,1,3,1,2,3,1,3,1,156,91,95,148,54,90,88,122,16,-,-,-,35,20,26,23,1,4,5,65,9,6,3,14,No,92,03/13/2026,5 978,0,N
SS,Ray Chapman,Right,Right,94,92,18,122,81,97,99,60,87,95,1,1,1,1,1,1,1,1,1,-,-,-,102,67,77,99,5,3,5,93,91,106,102,95,No,92,03/13/2026,5 323,0,N
2B,Frank Grant,Right,Right,104,123,77,93,87,70,111,66,84,85,9,26,42,16,9,26,23,16,49,1,1,1,102,76,42,91,6,8,8,111,78,98,101,77,No,92,03/13/2026,4 549,0,N
SP,Bill Hallahan,Right,Left,37,67,37,64,5,22,64,24,65,11,116,59,153,100,118,54,74,110,72,-,-,-,27,13,21,24,2,4,4,47,19,9,7,29,No,92,03/13/2026,4 841,0,N
SP,Larry Jackson,Right,Right,17,28,2,34,16,10,43,5,35,24,79,132,64,170,95,141,42,153,92,-,-,-,24,27,25,24,5,5,1,59,18,6,3,32,No,92,08/20/2026,35 311,12 000,N
SP,Tommy John,Right,Left,21,32,3,45,20,16,39,7,32,17,93,138,82,164,62,128,90,170,90,-,-,-,25,30,26,25,1,9,5,63,7,6,5,9,No,92,08/24/2026,9 611,4 567,N
RF,Roy Johnson,Left,Right,68,89,87,86,83,86,87,84,90,100,1,1,1,7,1,1,2,7,1,-,-,-,5,2,2,10,74,44,101,92,62,68,71,59,No,92,03/13/2026,5 513,4 200,N
SP,Sam Jones,Right,Right,86,20,10,126,23,75,67,84,83,48,75,94,76,144,107,110,82,152,82,-,-,-,24,23,24,26,9,4,1,55,43,58,43,35,No,92,07/04/2026,8 423,4 667,N
SP,Ed Karger,Right,Left,12,30,34,15,13,11,36,53,30,23,82,122,85,104,82,115,87,94,94,-,-,-,28,22,28,33,7,3,3,60,56,67,65,47,No,92,05/21/2026,5 773,0,N
LF,Carlos Lee,Right,Right,120,55,101,87,155,103,113,116,102,138,1,1,1,4,1,1,1,4,1,-,-,-,7,7,9,6,44,90,52,55,57,110,59,68,No,92,07/30/2026,12 910,4 001,N
SP,Gary Peters,Left,Left,33,87,58,50,60,52,76,78,41,81,124,87,50,117,69,75,96,114,71,-,-,-,34,33,34,34,6,7,8,77,34,6,3,28,No,92,03/13/2026,4 791,4 025,N
2B,Bryce Rainer,Left,Right,114,127,95,145,59,142,149,98,163,78,69,79,85,71,68,82,84,72,65,1,1,1,92,64,113,71,55,51,81,96,56,72,43,66,No,92,08/15/2026,8 082,4 585,N
2B,Tubby Scales,Right,Right,112,106,79,90,97,89,117,76,87,93,12,32,42,20,12,32,28,18,24,1,1,1,91,71,50,93,75,62,62,102,59,71,65,61,No,92,03/13/2026,4 715,4 001,N
SP,Noah Schultz,Left,Left,12,5,10,12,28,15,5,10,12,28,116,75,98,135,108,75,76,118,56,1,1,1,47,49,42,54,27,23,23,95,17,5,25,21,No,92,04/17/2026,4 655,0,N
RF,Ken Singleton,Switch,Right,108,73,99,124,69,110,64,90,175,88,1,1,1,4,1,1,1,4,1,-,-,-,6,9,5,7,55,93,117,89,34,41,32,47,No,92,06/11/2026,7 819,0,N
C,Mickey Tettleton,Switch,Right,82,84,147,136,44,87,67,133,150,60,1,1,1,1,1,1,1,1,1,70,53,46,1,4,9,10,8,2,3,51,41,39,23,47,No,92,05/21/2026,4 357,0,N
CF,Andres Torres,Switch,Right,65,108,68,104,84,128,151,83,101,76,1,1,1,7,1,1,1,7,1,-,-,-,10,3,9,6,112,123,70,124,96,87,83,112,No,92,05/26/2026,5 041,0,N
CF,George Van Haltren,Left,Left,68,75,72,82,94,84,79,90,89,107,46,62,1,49,42,60,1,45,25,-,-,-,10,4,8,3,64,44,71,46,83,93,89,82,No,92,03/13/2026,4 589,0,N
RP,Hoyt Wilhelm,Right,Right,1,54,7,32,18,1,34,15,52,14,74,45,134,79,121,133,135,86,53,-,-,-,29,49,34,23,6,6,7,82,16,6,5,28,No,92,03/13/2026,10 724,8 698,N
3B,Eddie Yost,Right,Right,100,41,92,288,102,97,55,100,273,100,1,1,1,4,1,1,1,4,1,-,-,-,62,89,76,57,7,4,2,76,46,75,23,50,No,92,08/20/2026,28 498,22 000,N
SP,Barry Zito,Left,Left,3,6,1,3,3,3,6,1,7,3,81,90,148,129,76,84,157,133,92,-,-,-,35,30,29,23,8,4,5,76,5,6,3,5,No,92,07/15/2026,84 717,30 000,N
CF,Cool Papa Bell,Switch,Left,94,65,88,91,98,86,64,86,82,95,23,32,34,27,23,32,30,28,95,1,1,1,53,22,47,20,86,85,70,83,95,97,89,88,No,91,03/13/2026,4 720,0,N
C,Carlton Fisk,Right,Right,104,91,85,68,131,109,98,98,80,68,1,1,1,5,1,1,1,5,1,72,66,71,3,10,1,7,2,7,10,68,19,28,21,15,No,91,03/13/2026,4 497,0,N
RP,Hal Haid,Right,Right,2,3,1,4,1,2,3,1,4,1,49,66,88,142,99,112,101,105,24,-,-,-,23,20,22,23,8,1,4,50,10,6,5,15,No,91,03/13/2026,4 320,0,N
SP,Dan Haren,Right,Right,47,75,16,37,32,31,110,31,37,30,108,88,162,72,100,118,86,77,73,-,-,-,30,45,33,23,10,6,3,80,8,6,4,28,No,91,03/13/2026,4 419,0,N
CF,Wade Johnston,Left,Left,75,94,98,80,68,82,86,104,87,77,24,36,32,31,24,36,39,31,68,1,1,1,29,21,22,19,75,62,68,64,71,72,64,61,No,91,03/13/2026,4 723,4 001,N
C,Jason Kendall,Right,Right,114,118,81,89,114,105,69,60,77,125,1,1,1,1,1,1,1,1,1,72,70,55,3,5,8,10,9,5,1,64,71,99,74,69,No,91,04/09/2026,5 516,0,N
2B,Jeff Kent,Right,Right,101,119,46,114,88,92,120,82,70,94,1,1,1,1,1,1,1,1,1,-,-,-,73,76,57,87,7,3,1,86,55,47,44,60,No,91,03/13/2026,4 179,0,N
3B,Royce Lewis,Right,Right,148,71,85,77,80,115,79,118,69,74,1,1,1,3,1,1,1,3,1,-,-,-,78,89,61,84,1,5,8,78,81,86,64,76,No,91,03/13/2026,7 089,0,N
C,Ernie Lombardi,Right,Right,80,48,114,60,111,92,82,91,41,126,1,1,1,3,1,1,1,3,1,58,54,61,3,9,6,5,5,6,9,52,17,11,12,19,No,91,03/13/2026,5 040,4 500,N
SP,Jack Lynch,Right,Right,6,52,4,60,107,6,51,4,58,102,84,133,87,87,81,138,82,86,97,-,-,-,27,20,21,16,5,7,1,52,89,90,100,62,No,91,03/13/2026,4 838,0,N
SP,Howie Pollet,Left,Left,14,34,4,41,13,28,31,4,50,26,107,99,44,108,86,103,94,103,97,-,-,-,32,24,29,33,2,3,6,67,5,6,5,5,No,91,03/13/2026,4 736,0,N
CL,Huston Street,Right,Right,1,3,1,3,1,1,3,1,3,1,121,94,84,76,137,107,101,80,18,-,-,-,35,20,26,23,9,4,9,65,5,6,5,5,No,91,03/13/2026,5 277,0,N
3B,Ezra Sutton,Right,Right,136,94,42,82,129,130,84,33,68,124,1,1,1,2,1,1,1,2,1,-,-,-,87,107,116,61,9,10,10,119,68,78,72,88,No,91,03/13/2026,5 084,0,N
RF,Jimmy Wynn,Right,Right,89,75,95,166,89,65,109,100,122,81,1,1,1,1,1,1,1,1,1,-,-,-,4,1,1,2,54,76,60,57,59,76,65,77,No,91,03/13/2026,5 016,0,N
C,Tom Young,Left,Right,81,104,77,83,93,104,117,104,84,96,8,19,21,12,8,19,43,17,50,67,67,71,25,21,22,19,45,56,56,67,67,89,64,61,No,91,03/13/2026,4 408,0,N
LF,Michael Brantley,Left,Left,72,75,70,87,153,81,77,86,77,150,1,1,1,1,1,1,1,1,1,-,-,-,5,9,2,4,46,110,88,69,46,92,60,48,No,90,03/13/2026,5 554,0,N
SP,Tommy Bridges,Right,Right,24,41,4,41,9,28,33,4,41,17,129,86,78,37,127,76,86,118,79,-,-,-,25,29,25,22,3,8,5,61,16,6,5,26,No,90,03/13/2026,5 664,0,N
SS,Donie Bush,Switch,Right,94,80,1,148,109,86,59,1,144,82,1,1,1,1,1,1,1,1,1,-,-,-,114,89,94,86,4,6,6,112,103,107,97,99,No,90,03/13/2026,4 102,0,N
SP,Tom Candiotti,Right,Right,1,34,1,16,49,1,52,1,31,71,77,55,91,123,88,98,96,104,84,-,-,-,35,41,34,26,4,9,10,82,16,6,5,28,No,90,03/13/2026,4 530,0,N
1B,George Carr,Switch,Right,82,108,94,80,93,80,104,91,77,89,1,1,18,5,1,1,18,5,1,68,55,61,79,67,65,69,81,62,62,78,75,78,87,68,No,90,03/13/2026,4 533,0,N
C,Mitch Garver,Right,Right,57,69,128,121,82,109,66,120,77,58,1,1,1,2,1,1,4,2,1,45,54,41,37,33,34,33,2,7,1,37,10,6,5,32,No,90,03/13/2026,4 320,0,N
1B,Mike Hargrove,Left,Left,93,45,45,132,138,90,47,48,151,150,1,1,1,3,1,1,1,3,1,-,-,-,47,39,43,59,58,48,52,68,33,67,12,35,No,90,03/13/2026,5 392,4 001,N
1B,Ryan Howard,Left,Left,134,58,142,89,36,120,67,163,170,54,1,1,1,7,1,1,1,7,1,-,-,-,29,18,22,18,2,9,1,47,8,6,5,8,No,90,07/16/2026,11 336,8 000,N
2B,Edouard Julien,Left,Right,68,81,69,123,67,111,98,108,144,80,1,1,1,3,1,1,3,3,1,-,-,-,49,70,36,60,10,9,3,53,52,101,61,61,No,90,03/19/2026,4 445,0,N
SP,Al Leiter,Left,Left,9,29,3,17,9,18,14,3,32,9,100,88,115,144,120,40,162,118,86,-,-,-,26,26,26,27,6,9,5,60,10,6,3,15,No,90,06/18/2026,6 521,4 500,N
2B,Mark Loretta,Right,Right,130,67,66,122,188,125,120,66,69,169,1,1,1,3,1,1,1,3,1,-,-,-,79,98,56,115,5,1,8,109,36,46,33,45,No,90,07/08/2026,73 397,20 000,N
LF,Matty McIntyre,Left,Left,110,75,37,106,93,96,88,60,96,98,1,1,1,4,1,1,1,4,1,-,-,-,3,6,5,4,102,103,70,123,71,79,79,64,No,90,03/13/2026,4 688,0,N
LF,Minnie Minoso,Right,Right,113,118,25,126,81,95,109,73,118,122,1,1,1,1,1,1,1,1,1,-,-,-,69,64,71,64,79,73,60,91,67,71,70,109,No,90,04/23/2026,5 079,0,N
1B,Boog Powell,Left,Right,51,24,130,134,48,89,68,134,100,84,1,1,1,7,1,1,1,7,1,-,-,-,31,49,34,21,2,1,1,70,14,44,20,18,No,90,05/14/2026,5 093,0,N
RF,George Selkirk,Left,Right,70,66,98,151,75,72,90,98,119,81,1,1,1,5,1,1,1,5,1,-,-,-,9,9,9,10,64,78,59,67,64,66,59,60,No,90,03/13/2026,4 196,0,N
